total_len,protocol,flags,ttl,src_port,dst_port,tcp_flags_2,tcp_flags_1,size,cpu,memory
3,2,2,2,2,2,3,3,1235,0.60,26.88
2,2,3,3,2,2,2,3,1288,0.60,26.69
3,2,2,2,3,2,2,3,1525,0.60,26.71
2,2,3,2,2,3,3,2,1762,0.60,26.98
2,3,2,2,3,3,2,2,17,0.50,26.33
3,2,3,3,2,2,2,2,2143,0.70,27.04
2,2,3,2,2,3,3,2,2166,0.60,27.05
2,2,2,2,2,3,3,3,2345,0.70,27.13
3,2,2,2,3,2,3,2,2360,0.60,26.82
3,2,2,3,2,3,2,2,2599,0.50,26.95
2,3,2,3,2,2,3,2,2619,0.40,27.18
2,2,3,3,3,2,2,2,2692,0.60,27.04
2,2,2,3,3,3,2,2,2746,0.60,27.19
3,2,2,3,3,2,2,2,2775,0.50,26.98
3,2,3,2,2,3,2,2,2888,0.50,26.82
2,3,2,3,2,2,3,2,3005,0.50,27.18
3,2,2,3,2,2,3,2,3030,0.50,27.37
3,3,2,2,2,2,3,2,30,0.40,26.36
2,3,2,3,3,2,2,2,315,0.50,26.26
2,3,2,2,3,3,2,2,3213,0.60,27.01
3,2,3,2,2,3,2,2,3241,0.40,27.22
2,2,3,2,3,3,2,2,330,0.40,26.38
2,2,2,2,3,2,3,3,331,0.60,26.30
2,2,2,3,2,2,3,3,3382,0.70,27.21
3,2,2,2,3,3,2,2,3401,0.50,27.08
2,3,3,2,2,3,2,2,3418,0.50,27.14
2,2,2,3,2,2,3,3,343,0.40,26.53
3,2,2,2,3,2,2,3,3452,0.50,27.25
3,2,2,2,3,3,2,2,3485,0.50,27.36
2,3,3,2,2,2,3,2,3496,0.40,27.46
3,2,3,2,3,2,2,2,3501,0.50,27.43
3,3,3,2,2,2,2,2,3754,0.50,27.54
2,3,3,2,2,2,2,3,3844,0.60,27.41
2,2,2,3,3,3,2,2,3853,0.50,27.49
2,2,3,2,3,2,3,2,3865,0.40,27.12
2,2,3,3,2,3,2,2,3906,0.50,27.24
3,2,3,2,2,3,2,2,4031,0.40,27.39
3,2,2,2,2,3,2,3,4035,0.60,27.51
2,2,3,3,2,3,2,2,420,0.40,26.39
3,2,2,2,3,3,2,2,438,0.40,26.55
3,2,2,2,3,2,2,3,449,0.70,26.43
2,2,2,2,2,3,3,3,501,0.50,26.27
3,2,3,2,2,2,2,3,507,0.40,26.47
3,2,3,2,2,2,3,2,648,0.50,26.46
3,2,2,3,2,2,2,3,790,0.50,26.58
3,2,2,2,3,2,2,3,795,0.50,26.62
2,3,3,2,2,2,3,2,830,0.50,26.51
2,3,2,3,2,2,2,3,843,0.40,26.75
3,2,3,2,2,3,2,2,888,0.40,26.55
2,2,2,2,3,2,2,3,1076,0.40,26.78
2,2,3,2,2,2,3,2,1121,0.60,26.95
2,2,2,2,2,3,2,3,1210,0.70,26.82
2,2,3,2,2,3,2,2,1231,0.50,26.48
2,2,2,2,2,2,3,3,1340,0.60,26.93
2,2,2,2,2,3,2,3,1343,0.50,26.75
2,2,3,3,2,2,2,2,1546,0.60,26.75
2,3,2,2,3,2,2,2,1759,0.70,26.80
2,3,2,2,3,2,2,2,1815,0.50,26.73
2,2,2,2,3,3,2,2,1867,0.40,26.88
2,2,3,3,2,2,2,2,2307,0.60,26.86
2,3,3,2,2,2,2,2,2379,0.40,26.94
2,2,3,2,2,2,2,3,2848,0.50,27.18
2,2,2,2,3,2,2,3,2965,0.40,26.85
2,2,2,2,2,3,2,3,3076,0.60,26.86
3,2,2,2,2,2,2,3,3134,0.60,27.09
2,2,2,2,3,3,2,2,3255,0.50,27.41
2,3,2,2,2,3,2,2,3334,0.50,27.20
2,3,2,2,2,3,2,2,337,0.50,26.50
2,2,3,2,3,2,2,2,3475,0.50,27.12
2,3,2,2,2,2,3,2,3585,0.50,27.24
2,3,3,2,2,2,2,2,3732,0.60,27.19
2,2,3,2,2,2,2,3,3828,0.60,27.50
2,2,2,2,3,2,3,2,3846,0.50,27.55
3,2,3,2,2,2,2,2,3997,0.50,27.48
2,3,2,2,3,2,2,2,4089,0.50,27.39
2,2,2,3,3,2,2,2,42,0.50,26.22
2,2,2,2,3,2,3,2,499,0.50,26.52
2,2,2,3,2,3,2,2,520,0.50,26.47
2,2,3,2,2,2,2,3,539,0.50,26.71
3,3,2,2,2,2,2,2,713,0.50,26.54
2,3,2,2,2,3,2,2,903,0.50,26.36
2,2,2,2,2,2,2,3,1063,0.60,26.82
2,2,3,2,2,2,2,2,1074,0.50,26.89
2,2,2,2,2,2,2,3,1084,0.60,26.48
2,3,2,2,2,2,2,2,1163,0.50,26.59
3,2,2,2,2,2,2,2,1252,0.60,26.69
2,2,2,3,2,2,2,2,1314,0.60,26.86
3,2,2,2,2,2,2,2,1315,0.50,26.76
2,2,2,3,2,2,2,2,1347,0.40,26.81
2,2,2,2,2,2,3,2,1471,0.50,26.99
2,2,2,2,2,2,3,2,1626,0.50,26.70
3,2,2,2,2,2,2,2,1762,0.50,27.02
2,2,2,2,2,3,2,2,1815,0.50,26.80
2,2,2,2,2,2,2,3,1992,0.60,26.75
2,2,2,2,2,2,3,2,206,0.50,26.41
2,2,2,2,2,3,2,2,2187,0.40,27.00
3,2,2,2,2,2,2,2,2223,0.60,27.21
2,3,2,2,2,2,2,2,2419,0.50,26.87
3,2,2,2,2,2,2,2,2566,0.50,27.17
2,2,2,2,2,3,2,2,2626,0.40,27.29
2,2,3,2,2,2,2,2,2691,0.50,26.95
3,2,2,2,2,2,2,2,2715,0.40,27.31
2,2,2,3,2,2,2,2,2976,0.60,26.83
2,2,3,2,2,2,2,2,2997,0.50,27.13
2,2,2,2,2,3,2,2,3083,0.30,27.20
2,2,2,2,2,3,2,2,3103,0.50,26.94
2,2,2,2,2,2,2,3,3123,0.40,27.12
2,2,2,3,2,2,2,2,341,0.50,26.60
2,2,2,2,3,2,2,2,3659,0.50,27.51
2,3,2,2,2,2,2,2,3710,0.60,27.21
2,2,2,2,2,2,3,2,3778,0.50,27.15
2,2,3,2,2,2,2,2,3943,0.50,27.31
2,2,2,2,3,2,2,2,691,0.60,26.61
2,2,2,2,2,2,2,3,694,0.50,26.62
2,2,2,2,2,2,3,2,802,0.50,26.49
2,2,2,3,2,2,2,2,894,0.60,26.32
2,2,2,2,2,2,2,2,1020,0.60,26.48
2,2,2,2,2,2,2,2,1041,0.60,26.69
2,2,2,2,2,2,2,2,1120,0.60,26.80
2,2,2,2,2,2,2,2,1227,0.50,26.64
2,2,2,2,2,2,2,2,1305,0.50,26.80
2,2,2,2,2,2,2,2,1337,0.60,26.79
2,2,2,2,2,2,2,2,1536,0.50,26.69
2,2,2,2,2,2,2,2,1546,0.50,26.64
2,2,2,2,2,2,2,2,154,0.50,26.28
2,2,2,2,2,2,2,2,1720,0.40,26.95
2,2,2,2,2,2,2,2,1859,0.50,26.85
2,2,2,2,2,2,2,2,2037,0.50,26.71
2,2,2,2,2,2,2,2,2148,0.50,26.73
2,2,2,2,2,2,2,2,2207,0.50,26.98
2,2,2,2,2,2,2,2,2305,0.70,26.87
2,2,2,2,2,2,2,2,2308,0.50,27.02
2,2,2,2,2,2,2,2,2407,0.60,26.89
2,2,2,2,2,2,2,2,2443,0.40,26.69
2,2,2,2,2,2,2,2,265,0.50,26.37
2,2,2,2,2,2,2,2,2713,0.60,26.61
2,2,2,2,2,2,2,2,2811,0.60,27.07
2,2,2,2,2,2,2,2,2957,0.40,27.05
2,2,2,2,2,2,2,2,3098,0.50,27.10
2,2,2,2,2,2,2,2,3167,0.50,27.07
2,2,2,2,2,2,2,2,3234,0.40,27.16
2,2,2,2,2,2,2,2,3292,0.60,27.25
2,2,2,2,2,2,2,2,330,0.60,26.52
2,2,2,2,2,2,2,2,3464,0.50,26.76
2,2,2,2,2,2,2,2,352,0.50,26.23
2,2,2,2,2,2,2,2,3577,0.60,26.96
2,2,2,2,2,2,2,2,3826,0.50,27.18
2,2,2,2,2,2,2,2,3864,0.50,27.29
2,2,2,2,2,2,2,2,3909,0.60,27.20
2,2,2,2,2,2,2,2,4062,0.60,27.41
2,2,2,2,2,2,2,2,408,0.60,26.64
2,2,2,2,2,2,2,2,459,0.60,26.27
2,2,2,2,2,2,2,2,589,0.50,26.62
2,2,2,2,2,2,2,2,82,0.40,26.52
2,2,2,2,2,2,2,2,914,0.50,26.68
2,2,2,2,2,2,2,2,982,0.40,26.63
2,2,2,2,2,2,2,2,99,0.60,26.16
3,3,3,3,1,2,2,3,655,0.60,26.40
3,1,2,3,2,2,3,2,1010,0.40,26.77
3,2,3,3,2,2,2,1,120,0.60,26.41
1,3,2,3,2,2,2,3,1231,0.50,26.80
3,2,2,1,3,3,2,2,1272,0.50,26.58
2,3,3,2,2,3,2,1,1510,0.40,26.62
2,3,2,2,3,1,3,2,1562,0.50,26.73
2,3,2,2,2,3,3,1,1644,0.50,26.80
3,3,2,3,2,1,2,2,1685,0.50,26.99
2,3,2,2,1,3,2,3,1895,0.50,26.88
2,2,3,2,1,3,2,3,1914,0.40,26.72
2,2,1,2,3,2,3,3,2093,0.50,26.86
1,2,3,3,3,2,2,2,2098,0.50,26.92
3,2,2,3,2,1,3,2,2152,0.50,26.74
2,2,3,3,1,3,2,2,2174,0.50,26.73
3,2,2,3,3,2,1,2,2201,0.50,26.75
3,2,3,2,3,2,1,2,2286,0.50,27.04
2,1,3,3,2,2,3,2,2289,0.50,27.01
3,3,1,2,3,2,2,2,234,0.60,26.46
3,3,2,2,1,2,2,3,2351,0.60,26.95
2,2,2,3,1,3,2,3,2368,0.60,26.93
2,3,2,3,1,2,3,2,2370,0.50,26.96
3,1,3,2,2,3,2,2,240,0.50,26.51
3,2,2,2,3,2,1,3,2440,0.50,27.00
2,1,2,3,2,3,3,2,2570,0.40,26.96
3,3,1,2,2,2,3,2,2601,0.50,26.97
2,3,3,2,3,2,1,2,2613,0.40,27.00
2,2,1,2,3,3,3,2,2617,0.50,27.11
2,3,2,2,3,1,2,3,2787,0.60,27.31
1,2,2,2,3,2,3,3,2845,0.30,26.97
1,2,2,3,2,3,2,3,2985,0.70,27.06
2,1,3,3,3,2,2,2,3259,0.50,27.28
3,2,3,1,2,2,2,3,363,0.50,26.61
3,2,2,2,1,3,2,3,3656,0.50,27.23
3,2,3,2,2,1,2,3,3799,0.40,27.43
3,3,2,3,2,2,1,2,3918,0.50,27.42
2,3,1,3,2,3,2,2,3973,0.70,27.16
3,3,3,2,2,2,2,1,3983,0.60,27.50
3,2,2,1,2,2,3,3,3990,0.50,27.45
2,1,3,2,2,3,3,2,4007,0.40,27.54
2,2,3,2,2,3,3,1,4035,0.50,27.30
3,2,3,2,1,2,3,2,4064,0.60,27.45
2,3,3,1,2,3,2,2,40,0.50,26.39
3,2,2,3,2,3,2,1,468,0.60,26.55
2,3,3,3,2,2,2,1,483,0.40,26.13
2,3,3,2,1,3,2,2,537,0.80,26.45
3,3,2,1,2,3,2,2,588,0.50,26.62
1,3,3,2,2,2,2,3,640,0.50,26.54
2,1,2,3,3,2,3,2,667,0.50,26.33
3,2,3,2,2,2,1,3,774,0.60,26.24
2,3,1,2,2,3,2,3,865,0.60,26.50
3,2,2,1,3,2,2,3,875,0.40,26.32
2,2,3,2,2,1,2,3,1076,0.50,26.38
2,2,2,2,3,2,3,1,1131,0.40,26.54
2,3,2,2,1,2,2,3,114,0.50,26.46
3,2,2,1,3,2,2,2,1339,0.50,26.69
3,2,2,2,2,3,1,2,1358,0.40,26.70
2,2,1,2,3,2,2,3,1395,0.50,26.59
2,2,2,2,2,3,1,3,1404,0.40,26.80
2,3,3,2,1,2,2,2,1406,0.50,26.97
1,2,2,2,3,2,2,3,1417,0.40,26.41
2,2,1,3,2,2,2,3,1475,0.50,26.69
2,3,2,3,2,1,2,2,1738,0.60,26.87
3,2,3,2,2,2,1,2,1762,0.50,26.71
2,2,2,2,2,1,3,3,1769,0.40,26.92
2,3,2,2,2,3,2,1,1792,0.40,26.94
3,3,2,2,2,2,2,1,1805,0.50,26.77
2,2,2,3,3,2,2,1,1823,0.50,26.78
3,2,2,2,2,3,2,1,1889,0.70,26.45
2,2,2,3,2,3,1,2,1964,0.50,26.78
2,3,2,3,2,2,2,1,205,0.60,26.22
1,3,2,2,3,2,2,2,2070,0.60,26.99
2,3,2,1,3,2,2,2,2083,0.50,26.83
3,2,2,2,1,2,2,3,2128,0.40,26.91
3,1,2,2,2,2,2,3,2137,0.50,26.94
3,2,2,2,3,1,2,2,2744,0.40,27.07
2,1,2,3,2,2,3,2,2813,0.50,26.99
3,2,1,2,2,3,2,2,286,0.50,26.39
2,2,3,2,3,2,1,2,297,0.50,26.45
2,1,3,2,2,2,2,3,2986,0.40,27.06
2,3,2,3,2,1,2,2,3053,0.60,27.01
2,2,2,3,1,3,2,2,3065,0.50,27.23
2,2,3,2,3,2,2,1,3066,0.50,27.24
3,2,2,2,1,2,3,2,3067,0.50,27.05
2,1,3,2,2,3,2,2,3111,0.40,27.02
3,2,3,2,2,2,2,1,311,0.60,26.44
2,3,2,2,3,2,1,2,3149,0.50,27.33
2,3,2,2,1,2,3,2,3274,0.40,26.98
2,1,3,2,2,2,2,3,331,0.40,26.21
3,2,2,2,3,2,1,2,3359,0.60,27.12
1,2,2,3,2,2,2,3,367,0.60,26.41
3,2,3,2,2,2,1,2,3823,0.50,27.60
2,3,3,2,2,2,1,2,3880,0.50,27.63
2,3,3,2,2,2,1,2,3916,0.50,27.29
2,2,1,2,3,3,2,2,3980,0.60,27.46
2,3,2,2,2,1,2,3,4042,0.60,27.32
2,3,1,2,2,2,3,2,4078,0.60,27.32
2,2,2,2,3,2,3,1,569,0.50,26.43
2,2,3,2,1,2,2,3,5,0.50,26.33
2,2,3,3,2,1,2,2,608,0.50,26.44
2,2,3,2,1,2,2,3,625,0.40,26.53
3,1,2,2,2,2,2,3,692,0.50,26.69
2,1,2,2,2,3,2,3,695,0.60,26.81
2,1,2,3,2,3,2,2,763,0.40,26.44
2,3,2,1,3,2,2,2,829,0.40,26.82
3,1,2,2,2,2,3,2,84,0.60,26.23
3,1,2,3,2,2,2,2,940,0.50,26.47
3,3,2,2,1,2,2,2,941,0.60,26.72
2,2,2,1,3,2,3,2,975,0.40,26.66
2,2,1,3,2,2,2,2,1005,0.60,26.76
2,3,2,1,2,2,2,2,1058,0.50,26.70
2,2,1,2,2,2,2,3,1147,0.60,26.55
1,2,2,2,2,3,2,2,1290,0.40,26.88
2,1,2,2,2,2,3,2,1349,0.50,26.97
3,2,2,2,2,1,2,2,1396,0.60,26.91
2,2,2,2,3,1,2,2,1504,0.40,26.93
2,2,1,3,2,2,2,2,1541,0.39,26.53
2,2,1,2,2,3,2,2,1547,0.60,26.73
2,2,3,2,2,2,1,2,1663,0.50,26.92
2,2,2,2,1,2,2,3,1685,0.50,27.00
2,1,3,2,2,2,2,2,1712,0.60,26.84
2,2,2,2,3,2,2,1,1772,0.50,26.73
2,2,2,3,2,2,2,1,1936,0.50,26.86
2,3,2,2,2,2,2,1,2044,0.50,26.87
2,2,2,2,3,2,2,1,2129,0.70,26.64
3,2,2,2,1,2,2,2,2178,0.50,27.05
2,2,2,2,2,1,3,2,2503,0.60,27.00
2,2,2,1,2,2,3,2,2699,0.50,26.85
2,2,2,3,2,1,2,2,2713,0.40,26.98
2,3,1,2,2,2,2,2,2885,0.50,27.25
2,2,2,2,2,2,1,3,289,0.50,26.48
2,3,2,2,1,2,2,2,2996,0.50,27.17
1,2,2,2,2,3,2,2,3021,0.50,27.00
2,2,2,1,2,2,2,3,3098,0.40,27.02
2,2,2,2,3,2,1,2,3183,0.50,26.80
2,1,2,2,2,2,2,3,3278,0.40,27.08
2,2,2,2,2,3,1,2,3423,0.60,27.41
2,2,2,2,2,1,2,3,357,0.50,26.65
2,2,2,3,2,1,2,2,3680,0.50,27.22
2,2,2,3,2,2,1,2,3884,0.60,27.52
2,1,2,3,2,2,2,2,3995,0.40,27.17
2,2,2,2,2,2,3,1,4064,0.60,27.34
1,2,2,2,2,2,2,3,4095,0.50,27.57
2,2,2,2,3,2,1,2,517,0.60,26.70
2,2,3,2,2,2,1,2,539,0.50,26.68
2,2,1,2,2,2,2,3,609,0.40,26.58
2,2,1,2,2,3,2,2,673,0.50,26.44
2,1,2,2,3,2,2,2,73,0.60,26.28
1,2,3,2,2,2,2,2,784,0.50,26.46
2,2,2,2,3,2,2,1,938,0.60,26.71
2,2,2,2,2,1,2,2,1147,0.50,26.68
2,2,2,2,2,1,2,2,124,0.50,26.13
2,1,2,2,2,2,2,2,1317,0.60,26.70
1,2,2,2,2,2,2,2,132,0.50,26.54
2,1,2,2,2,2,2,2,1409,0.60,26.39
2,2,2,2,1,2,2,2,1433,0.50,26.76
2,2,1,2,2,2,2,2,1504,0.40,26.69
2,2,1,2,2,2,2,2,1618,0.40,26.83
2,2,2,1,2,2,2,2,1726,0.50,27.01
2,2,1,2,2,2,2,2,1810,0.60,26.86
2,2,2,1,2,2,2,2,1866,0.60,26.93
2,1,2,2,2,2,2,2,1881,0.50,27.12
2,2,2,2,2,2,2,1,2048,0.40,26.75
2,2,2,2,2,2,2,1,2063,0.50,26.98
2,2,2,2,2,2,2,1,20,0.60,26.11
2,2,2,2,2,2,2,1,2191,0.50,26.85
2,2,2,2,2,2,2,1,2412,0.50,26.66
2,2,2,1,2,2,2,2,2467,0.50,26.93
2,2,2,2,2,2,1,2,2497,0.60,26.72
1,2,2,2,2,2,2,2,2525,0.50,27.23
2,2,2,2,2,2,2,1,2676,0.50,27.12
2,2,1,2,2,2,2,2,2875,0.60,26.95
2,2,2,2,2,2,2,1,2882,0.50,27.02
1,2,2,2,2,2,2,2,3376,0.50,27.05
2,2,2,2,1,2,2,2,3612,0.60,27.21
2,2,1,2,2,2,2,2,3638,0.50,27.00
2,2,1,2,2,2,2,2,363,0.50,26.26
2,2,1,2,2,2,2,2,3678,0.60,27.30
2,2,1,2,2,2,2,2,3715,0.50,27.18
2,2,2,1,2,2,2,2,428,0.50,26.40
2,2,2,2,2,2,1,2,473,0.60,26.31
2,2,2,2,2,2,2,1,543,0.50,26.39
2,2,2,2,2,2,2,1,650,0.40,26.42
2,2,2,2,1,2,2,2,782,0.50,26.52
2,2,2,2,2,2,1,2,787,0.60,26.65
2,2,1,2,2,2,2,2,860,0.40,26.66
2,1,2,2,2,2,2,2,888,0.50,26.48
2,2,2,2,2,2,1,2,941,0.60,26.47
2,0,3,2,3,2,2,3,1126,0.50,26.95
2,0,3,3,2,3,2,2,120,0.50,26.51
2,3,2,3,0,3,2,2,132,0.40,26.45
3,2,2,0,3,3,2,2,1409,0.60,26.86
2,3,0,2,3,2,3,2,1436,0.50,26.66
2,2,0,3,2,3,3,2,1527,0.40,26.76
3,3,2,2,3,2,2,0,1641,0.50,26.56
2,2,3,0,3,2,2,3,1775,0.50,26.68
0,3,2,2,2,3,3,2,1821,0.70,27.02
2,3,3,2,2,3,0,2,1832,0.50,26.91
3,2,2,0,2,3,3,2,1888,0.49,26.75
2,3,2,3,3,2,2,0,1979,0.50,26.70
2,2,3,0,2,3,3,2,2094,0.50,26.90
3,3,2,2,0,3,2,2,2152,0.60,26.93
2,0,2,2,3,3,3,2,2181,0.50,26.89
2,2,3,2,3,0,3,2,2219,0.50,27.24
2,3,2,2,3,3,2,0,2303,0.40,26.80
3,2,2,2,2,3,0,3,2308,0.50,26.84
2,2,3,3,2,0,3,2,2337,0.50,26.83
2,0,2,2,3,3,2,3,2357,0.60,26.95
2,2,3,2,3,2,0,3,2367,0.50,26.91
0,2,2,3,3,2,3,2,2413,0.40,27.02
2,0,3,3,3,2,2,2,2463,0.80,27.06
0,3,3,2,2,2,2,3,2465,0.60,26.98
2,3,2,2,2,3,0,3,2531,0.60,27.07
2,2,0,2,2,3,3,3,2588,0.50,26.95
3,2,2,0,2,2,3,3,2610,0.70,26.88
2,2,3,3,3,2,2,0,2765,0.50,27.02
2,0,2,3,2,3,3,2,2947,0.70,27.06
3,2,0,2,3,3,2,2,2999,0.40,26.92
2,2,0,2,3,3,2,3,3067,0.50,27.14
0,3,2,2,2,3,3,2,339,0.60,26.54
3,2,2,2,2,3,3,0,3402,0.50,27.24
3,2,2,0,3,2,3,2,3473,0.50,27.23
2,0,3,2,2,3,3,2,3587,0.50,27.12
3,3,3,2,2,2,2,0,359,0.50,26.37
2,2,3,2,0,3,3,2,3741,0.50,27.27
2,2,2,2,0,3,3,3,3756,0.50,27.25
2,2,3,2,3,0,2,3,3923,0.50,27.21
3,2,2,3,3,2,2,0,4019,0.40,27.46
3,3,2,2,0,2,3,2,4033,0.60,27.41
0,3,2,2,3,3,2,2,501,0.60,26.55
0,2,3,2,2,3,2,3,749,0.60,26.63
2,2,2,3,0,2,2,3,1080,0.50,26.69
2,2,2,3,2,3,0,2,1095,0.50,26.75
2,2,2,2,2,0,3,3,1113,0.60,26.77
3,2,2,2,2,0,3,2,1135,0.80,26.42
2,0,3,2,2,2,2,3,1275,0.50,26.79
2,2,2,2,3,0,2,3,1393,0.50,26.56
0,2,3,2,3,2,2,2,1457,0.60,26.88
0,2,2,3,3,2,2,2,1525,0.50,26.61
2,2,2,3,2,0,3,2,160,0.50,26.36
3,2,2,0,2,2,3,2,1617,0.60,26.68
0,2,3,3,2,2,2,2,1749,0.50,26.50
2,2,2,2,0,2,3,3,1803,0.40,26.82
3,0,2,2,2,2,3,2,1873,0.60,26.90
2,2,2,2,0,3,2,3,1930,0.50,26.88
2,2,3,2,2,2,3,0,1947,0.40,26.84
2,2,3,2,3,0,2,2,2089,0.50,27.09
3,2,3,0,2,2,2,2,2147,0.50,26.91
2,0,3,3,2,2,2,2,2148,0.50,26.86
2,2,2,3,2,0,2,3,2163,0.60,26.73
2,2,2,3,2,3,2,0,2165,0.50,26.89
2,3,3,2,2,0,2,2,2168,0.40,26.95
3,2,2,2,3,0,2,2,2185,0.50,26.82
3,2,0,2,2,2,3,2,2186,0.50,26.80
0,2,2,3,2,2,3,2,2198,0.40,26.91
2,2,3,3,2,2,2,0,2274,0.50,27.23
2,2,3,2,0,2,3,2,2344,0.50,26.70
2,3,3,2,0,2,2,2,2352,0.50,26.68
3,2,3,2,0,2,2,2,2363,0.50,27.01
2,2,2,2,0,2,3,3,2547,0.50,26.77
2,2,0,3,2,2,3,2,2586,0.40,26.88
2,3,3,2,2,0,2,2,2691,0.50,26.91
2,3,3,2,2,2,0,2,2973,0.40,26.73
2,2,0,3,2,2,3,2,3006,0.50,27.20
2,2,3,2,0,2,2,3,3140,0.40,26.98
3,2,2,3,2,2,0,2,3161,0.60,27.24
3,2,2,2,2,0,2,3,322,0.40,26.29
2,2,3,2,2,3,0,2,3234,0.50,27.07
2,3,0,2,2,3,2,2,3315,0.60,27.28
0,2,2,2,3,2,3,2,3335,0.40,27.12
3,3,0,2,2,2,2,2,3433,0.40,27.07
2,3,2,3,2,0,2,2,3736,0.50,27.19
2,2,3,2,2,3,0,2,376,0.60,26.37
2,3,2,2,2,3,0,2,3831,0.40,27.30
3,2,2,2,2,2,0,3,3877,0.50,27.24
3,2,0,2,3,2,2,2,3984,0.60,27.43
2,3,2,3,0,2,2,2,410,0.60,26.62
2,3,0,2,2,3,2,2,415,0.60,26.42
3,0,3,2,2,2,2,2,451,0.50,26.55
2,0,2,3,3,2,2,2,465,0.50,26.48
2,2,2,3,3,2,0,2,637,0.60,26.50
2,2,3,2,2,3,2,0,664,0.60,26.67
3,2,3,0,2,2,2,2,695,0.60,26.71
2,3,3,2,2,2,2,0,936,0.40,26.70
2,3,2,2,3,2,2,0,995,0.70,26.62
2,2,2,2,0,2,3,2,1200,0.40,26.54
2,2,2,2,0,2,3,2,1215,0.50,26.73
2,2,2,3,2,2,2,0,1261,0.60,26.45
2,2,2,2,2,0,3,2,1328,0.50,26.50
2,2,2,2,2,0,3,2,1530,0.50,26.71
2,2,2,2,0,2,2,3,1770,0.60,26.77
0,2,2,2,3,2,2,2,1778,0.40,27.20
2,2,2,2,2,3,2,0,1914,0.50,26.93
2,2,3,2,2,2,2,0,2348,0.40,27.03
2,2,2,2,0,3,2,2,2446,0.60,27.16
2,2,3,2,2,2,2,0,2605,0.60,27.21
2,2,2,0,2,3,2,2,2653,0.40,27.20
2,3,2,2,2,2,2,0,2657,0.50,26.86
2,0,2,2,2,3,2,2,2692,0.50,26.89
2,2,2,2,3,0,2,2,273,0.50,26.51
0,2,2,2,2,3,2,2,2748,0.50,27.25
0,2,2,3,2,2,2,2,2763,0.60,27.15
2,3,2,2,2,2,0,2,2863,0.50,27.05
2,2,0,2,2,3,2,2,3240,0.50,27.15
2,3,0,2,2,2,2,2,324,0.50,26.50
2,2,0,2,2,2,2,3,3477,0.50,27.40
3,2,0,2,2,2,2,2,3587,0.50,27.33
2,2,2,2,0,3,2,2,3638,0.60,27.44
3,2,2,0,2,2,2,2,3738,0.60,27.16
2,3,2,2,0,2,2,2,3749,0.60,27.38
2,2,2,3,2,0,2,2,3773,0.60,27.28
2,2,2,2,3,2,0,2,3951,0.60,27.25
0,2,2,3,2,2,2,2,3978,0.50,27.40
2,2,0,2,2,3,2,2,4034,0.50,27.28
2,0,2,2,2,3,2,2,45,0.60,26.41
2,2,0,2,2,3,2,2,501,0.50,26.54
2,0,2,2,2,3,2,2,642,0.60,26.59
2,2,2,2,2,0,2,3,768,0.60,26.65
2,2,2,3,2,2,2,0,773,0.50,26.57
2,2,2,2,2,0,3,2,804,0.40,26.52
2,0,2,2,2,2,2,3,862,0.40,26.51
2,2,3,2,2,2,0,2,939,0.60,26.41
0,2,2,2,3,2,2,2,990,0.60,26.58
2,2,2,2,2,2,0,2,1084,0.50,26.64
2,2,0,2,2,2,2,2,1121,0.50,26.73
2,2,2,2,2,0,2,2,1182,0.50,26.57
2,2,2,2,2,2,0,2,1403,0.70,26.61
2,2,2,0,2,2,2,2,1620,0.40,27.03
0,2,2,2,2,2,2,2,1726,0.60,27.02
2,2,2,2,2,2,2,0,1765,0.50,26.70
2,2,2,2,2,2,2,0,1783,0.50,26.96
2,2,2,2,2,0,2,2,1799,0.50,26.59
2,2,2,2,2,2,2,0,1974,0.40,26.81
2,2,2,2,0,2,2,2,2218,0.60,26.68
2,0,2,2,2,2,2,2,2515,0.50,26.78
2,2,2,2,2,0,2,2,2640,0.40,26.86
2,2,2,2,0,2,2,2,264,0.60,26.56
2,2,2,2,2,2,2,0,2906,0.60,27.10
2,2,2,0,2,2,2,2,3066,0.50,27.35
2,2,2,0,2,2,2,2,3142,0.50,27.18
2,2,2,2,2,0,2,2,3328,0.50,27.38
2,2,0,2,2,2,2,2,3667,0.70,27.20
2,2,0,2,2,2,2,2,3928,0.50,27.11
2,0,2,2,2,2,2,2,3939,0.50,27.22
2,2,2,2,0,2,2,2,774,0.50,26.50
2,2,0,2,2,2,2,2,786,0.50,26.66
2,0,2,2,2,2,2,2,82,0.40,26.27
2,2,2,2,2,0,2,2,868,0.50,26.64
2,2,2,2,2,0,2,2,944,0.40,26.50
0,2,3,3,3,2,2,1,1036,0.40,26.56
2,3,1,2,0,3,3,2,1162,0.50,26.70
2,2,0,3,3,2,1,3,1167,0.50,26.68
3,1,3,0,2,2,2,3,1269,0.60,26.51
2,3,2,3,0,2,3,1,1447,0.40,26.64
3,2,2,3,3,0,2,1,149,0.60,26.34
3,3,2,2,0,1,3,2,15,0.50,26.35
2,3,0,3,1,2,3,2,162,0.50,26.14
3,2,3,2,1,2,3,0,1641,0.60,26.55
2,3,2,1,3,3,0,2,1732,0.40,26.78
2,1,2,2,0,3,3,3,1757,0.60,26.91
2,3,2,1,3,2,3,0,1951,0.60,26.75
3,0,2,2,1,3,3,2,1999,0.60,27.00
2,0,3,3,2,1,3,2,2065,0.50,27.02
1,3,0,3,2,2,2,3,214,0.60,26.34
2,3,3,3,2,0,2,1,2193,0.50,27.07
2,2,3,0,1,3,2,3,2207,0.40,26.92
2,0,1,3,2,3,2,3,2269,0.50,27.01
2,3,3,0,3,2,1,2,2282,0.60,27.11
2,3,3,1,3,2,2,0,2300,0.60,26.83
3,2,2,3,1,0,2,3,2367,0.40,26.75
2,3,3,3,0,2,1,2,2379,0.50,27.04
2,2,1,3,0,2,3,3,2521,0.40,27.15
3,2,1,3,3,2,0,2,2806,0.50,27.06
0,2,3,2,1,3,3,2,2857,0.50,27.10
1,0,3,3,2,2,2,3,2906,0.50,27.26
3,2,1,3,0,3,2,2,2907,0.60,27.26
0,3,1,3,2,2,3,2,30,0.50,26.60
0,3,2,2,3,1,3,2,3136,0.40,27.24
3,3,0,3,2,2,1,2,3195,0.60,27.13
3,2,3,0,1,2,2,3,319,0.50,26.37
1,3,3,2,0,2,3,2,3209,0.60,26.89
2,0,2,3,2,3,1,3,3216,0.40,27.06
3,2,3,1,3,2,0,2,3237,0.50,27.23
2,3,3,0,2,2,3,1,331,0.60,26.29
3,2,2,3,2,1,0,3,332,0.50,26.48
3,0,2,3,2,2,3,1,3353,0.50,27.61
3,0,1,2,2,2,3,3,3480,0.50,27.43
2,3,2,2,0,3,1,3,3513,0.60,27.26
3,3,3,2,1,2,0,2,3554,0.40,27.55
3,1,2,3,0,2,2,3,3578,0.60,27.27
2,1,0,2,3,2,3,3,3594,0.50,27.41
3,2,1,2,3,0,2,3,3696,0.50,27.30
3,2,2,3,3,2,1,0,3780,0.40,27.26
0,3,2,3,2,3,2,1,3783,0.50,27.30
0,2,3,2,2,3,1,3,3801,0.60,27.34
2,1,2,3,3,0,3,2,385,0.50,26.28
3,1,2,2,3,3,0,2,3889,0.40,27.30
3,2,0,1,3,3,2,2,3910,0.70,27.34
3,2,0,3,2,1,3,2,3927,0.50,27.13
3,2,2,1,3,2,3,0,4066,0.70,27.54
0,3,2,2,2,1,3,3,4077,0.60,27.51
1,3,0,2,2,3,2,3,430,0.40,26.83
3,3,3,2,2,0,2,1,532,0.50,26.66
2,2,3,2,3,3,0,1,565,0.40,26.47
2,2,0,3,1,3,2,3,701,0.50,26.59
3,2,3,3,0,1,2,2,797,0.60,26.73
0,3,2,2,2,3,3,1,986,0.50,26.92
2,3,0,2,1,3,3,2,997,0.60,26.86
2,2,2,3,2,3,0,1,1059,0.50,26.53
3,0,2,1,2,2,3,2,1084,0.50,26.75
3,2,3,0,2,2,1,2,1177,0.50,26.62
3,2,1,0,2,2,3,2,1308,0.50,26.75
3,2,2,2,1,2,3,0,1417,0.60,26.88
2,2,3,3,1,0,2,2,14,0.50,26.21
2,0,3,3,1,2,2,2,1612,0.50,26.74
3,3,1,0,2,2,2,2,1692,0.40,26.84
1,3,2,2,2,2,3,0,1764,0.50,26.60
3,1,2,3,2,0,2,2,1890,0.60,26.83
1,2,2,2,2,0,3,3,189,0.50,26.32
0,3,1,3,2,2,2,2,1917,0.60,26.93
0,3,1,2,2,3,2,2,2132,0.60,26.77
1,3,2,2,2,2,0,3,2194,0.50,26.65
3,2,2,2,3,1,0,2,2265,0.60,26.98
3,0,2,1,2,3,2,2,2305,0.50,26.86
2,2,0,1,2,2,3,3,2319,0.60,27.00
2,1,3,0,2,2,2,3,2330,0.50,26.98
3,2,2,3,2,1,2,0,2551,0.50,27.00
0,2,1,2,3,3,2,2,2743,0.50,27.16
2,3,3,2,2,1,0,2,2914,0.40,27.02
3,2,2,2,1,2,0,3,2958,0.30,27.14
3,2,3,2,1,0,2,2,2964,0.50,27.04
3,1,2,2,3,0,2,2,3013,0.80,27.27
2,3,0,2,1,2,2,3,302,0.70,26.23
2,2,3,2,2,0,1,3,3042,0.40,27.06
3,0,2,2,2,2,1,3,3061,0.40,27.01
2,2,2,3,1,3,2,0,3118,0.60,26.98
2,1,0,3,2,2,2,3,3185,0.60,27.20
0,2,3,2,2,3,1,2,3268,0.40,27.02
3,2,1,2,0,3,2,2,331,0.50,26.26
2,3,2,2,0,1,3,2,3338,0.60,27.11
3,2,3,2,1,2,2,0,3500,0.60,27.39
3,2,2,0,3,2,2,1,3562,0.60,27.25
2,1,3,3,2,0,2,2,3677,0.60,27.20
3,0,2,1,2,2,3,2,3686,0.40,27.38
3,2,2,3,0,2,1,2,3703,0.30,27.49
2,0,3,1,2,3,2,2,37,0.50,26.39
0,2,2,3,2,3,1,2,3888,0.50,27.20
2,3,3,0,2,1,2,2,3893,0.40,27.39
0,3,1,2,2,2,3,2,3924,0.40,27.35
2,1,0,2,3,2,3,2,4083,0.50,27.59
2,2,3,0,2,1,3,2,430,0.50,26.47
1,2,0,2,2,2,3,3,542,0.50,26.47
2,3,2,2,3,2,0,1,594,0.50,26.46
2,1,3,0,3,2,2,2,686,0.60,26.52
2,3,0,2,1,3,2,2,710,0.50,26.52
0,1,2,3,2,3,2,2,858,0.50,26.46
2,3,2,0,3,1,2,2,859,0.40,26.59
2,3,2,2,3,1,2,0,910,0.40,26.68
2,2,2,2,1,0,3,2,1060,0.50,26.63
0,1,2,2,2,3,2,2,1072,0.40,26.93
2,2,1,2,2,3,0,2,1126,0.60,26.42
2,0,2,3,1,2,2,2,1211,0.40,26.48
1,0,2,3,2,2,2,2,1272,0.50,26.75
0,1,2,2,2,2,3,2,1545,0.60,26.62
0,3,2,2,2,2,1,2,1629,0.50,26.88
2,2,2,2,0,3,2,1,1632,0.60,26.90
1,2,0,2,2,2,2,3,1741,0.40,26.92
3,2,0,2,1,2,2,2,1742,0.60,26.68
3,2,1,2,2,0,2,2,1773,0.50,26.62
2,3,2,2,2,2,0,1,177,0.40,26.49
3,0,2,1,2,2,2,2,1974,0.60,26.96
2,2,2,3,2,0,1,2,207,0.50,26.03
1,0,2,2,2,2,2,3,2138,0.50,26.94
0,2,1,3,2,2,2,2,2390,0.50,27.14
3,2,1,2,2,0,2,2,2428,0.80,26.91
0,2,2,2,2,2,3,1,2468,0.50,27.11
2,2,2,0,3,2,1,2,2552,0.60,27.00
1,2,2,3,2,0,2,2,2749,0.60,26.94
2,2,2,2,1,2,3,0,2964,0.40,27.20
2,2,1,2,0,2,2,3,3027,0.40,27.12
2,3,2,2,2,1,2,0,3038,0.50,27.35
1,2,2,3,2,2,2,0,3045,0.50,27.30
2,1,3,2,2,2,2,0,3076,0.50,27.35
2,2,2,2,2,1,0,3,3115,0.40,27.09
2,0,2,2,2,2,1,3,3122,0.40,27.20
2,0,1,2,2,2,3,2,3184,0.40,27.22
3,0,2,1,2,2,2,2,3219,0.50,27.32
2,2,2,3,0,1,2,2,3555,0.50,27.25
1,2,0,2,2,2,3,2,3610,0.60,27.29
2,2,2,3,0,1,2,2,3642,0.40,27.18
1,2,3,2,2,2,2,0,3878,0.40,27.32
3,2,2,2,2,2,0,1,3883,0.50,27.25
1,0,3,2,2,2,2,2,4017,0.50,27.05
2,3,2,0,1,2,2,2,4070,0.50,27.33
2,2,2,3,2,2,0,1,4075,0.50,27.41
2,2,3,1,2,0,2,2,539,0.40,26.42
2,2,3,2,0,2,2,1,594,0.40,26.50
2,2,0,3,2,2,1,2,686,0.40,26.69
2,2,2,1,0,2,3,2,732,0.40,26.69
2,3,1,2,2,2,0,2,813,0.40,26.64
2,2,1,2,2,2,0,3,892,0.50,26.71
2,2,2,2,0,2,2,1,1014,0.60,26.59
2,2,0,2,2,1,2,2,1099,0.50,26.77
1,2,0,2,2,2,2,2,1106,0.50,26.74
1,2,2,0,2,2,2,2,1295,0.50,26.63
2,2,0,1,2,2,2,2,1367,0.40,26.88
2,2,2,2,1,0,2,2,152,0.60,26.42
1,2,2,2,2,2,2,0,1579,0.50,26.81
2,2,2,2,1,0,2,2,176,0.50,26.63
2,2,2,2,1,2,0,2,2002,0.60,26.89
2,2,2,2,2,1,2,0,2069,0.50,26.84
2,2,2,2,2,0,2,1,2120,0.60,26.82
2,2,2,1,2,2,0,2,2131,0.50,27.01
2,1,0,2,2,2,2,2,2166,0.50,26.87
1,2,2,0,2,2,2,2,2272,0.40,26.70
2,1,2,2,2,0,2,2,2274,0.60,26.74
2,2,2,2,0,2,2,1,2382,0.50,26.79
2,1,2,0,2,2,2,2,2562,0.40,26.84
2,2,2,2,2,1,0,2,2645,0.50,27.09
2,2,2,0,1,2,2,2,2651,0.50,26.91
2,2,2,2,2,2,1,0,2901,0.40,27.07
2,2,1,0,2,2,2,2,2903,0.30,27.18
0,2,2,2,2,2,1,2,2936,0.50,27.08
2,2,2,2,1,2,2,0,325,0.40,26.36
1,2,2,2,0,2,2,2,3260,0.50,26.95
2,0,2,2,2,2,2,1,3361,0.50,27.29
2,2,2,1,0,2,2,2,3536,0.40,27.02
2,0,2,2,2,1,2,2,3599,0.50,27.31
1,2,2,2,0,2,2,2,3681,0.50,27.00
2,2,0,1,2,2,2,2,3697,0.50,26.98
2,2,2,2,1,0,2,2,3764,0.50,27.36
0,1,2,2,2,2,2,2,3771,0.50,27.09
2,0,2,1,2,2,2,2,3772,0.40,27.29
1,2,0,2,2,2,2,2,3774,0.50,27.28
2,1,0,2,2,2,2,2,3868,0.50,27.56
2,2,2,1,2,0,2,2,4041,0.60,27.37
2,0,2,1,2,2,2,2,4050,0.60,27.29
0,2,2,2,2,1,2,2,522,0.50,26.43
2,2,2,2,0,2,2,1,564,0.60,26.79
2,1,2,2,2,0,2,2,685,0.50,26.50
2,2,2,2,1,0,2,2,762,0.50,26.53
1,2,2,2,2,0,2,2,809,0.60,26.35
2,2,2,2,1,2,2,0,993,0.60,26.79
2,2,2,2,1,2,0,2,9,0.70,26.55
2,2,0,3,2,3,0,3,1012,0.60,26.70
0,2,0,2,2,3,3,3,1027,0.40,26.54
3,3,2,0,0,3,2,2,105,0.60,26.53
2,0,3,2,0,3,2,3,1189,0.50,26.48
0,2,2,0,3,3,3,2,1196,0.50,26.77
3,3,2,0,3,0,2,2,1284,0.40,26.81
3,2,0,3,0,3,2,2,1292,0.60,26.81
3,2,3,0,2,0,2,3,1397,0.60,26.82
0,2,0,2,3,3,3,2,1572,0.50,26.75
0,2,3,3,0,2,2,3,165,0.50,26.28
0,2,3,0,3,2,2,3,1747,0.60,26.78
2,2,0,3,2,0,3,3,1768,0.50,26.50
0,3,2,0,3,2,2,3,1832,0.50,27.02
2,3,3,2,0,2,3,0,1888,0.40,27.02
3,3,2,2,3,2,0,0,1996,0.50,27.18
0,3,2,3,2,0,2,3,2042,0.40,26.97
3,2,3,3,2,0,0,2,2110,0.40,26.79
3,2,0,0,3,2,2,3,2171,0.60,27.00
2,0,2,3,0,3,3,2,2232,0.50,26.80
2,3,3,2,3,0,2,0,2280,0.50,27.21
3,0,2,2,3,3,0,2,2284,0.50,26.88
3,2,3,0,3,2,2,0,2352,0.50,26.69
3,0,2,2,0,2,3,3,2417,0.40,27.00
3,2,2,3,0,3,2,0,2525,0.50,26.98
0,3,2,3,2,2,3,0,2580,0.50,27.10
3,0,3,0,2,2,3,2,2664,0.60,27.10
2,2,3,3,3,0,0,2,2683,0.40,27.27
3,2,2,0,2,3,0,3,2774,0.50,27.26
3,2,3,0,0,3,2,2,2794,0.50,26.79
3,0,2,2,0,3,3,2,2842,0.50,27.25
0,2,2,3,3,0,3,2,2964,0.40,27.17
3,2,3,0,3,2,0,2,2993,0.60,27.07
0,2,0,2,3,2,3,3,301,0.70,26.37
2,0,3,3,0,3,2,2,3027,0.50,27.20
3,2,0,2,3,2,0,3,3180,0.50,27.14
2,3,2,0,2,3,3,0,3352,0.50,27.13
3,3,3,2,0,2,2,0,3391,0.60,27.29
3,2,2,0,3,3,0,2,3506,0.50,27.13
3,0,3,2,0,2,2,3,3586,0.50,27.37
0,3,0,2,3,2,3,2,3708,0.40,27.13
3,2,2,2,3,0,0,3,3764,0.60,27.19
3,0,2,3,2,0,3,2,4069,0.50,27.38
3,2,0,2,3,3,2,0,4092,0.50,27.50
2,0,0,3,3,2,3,2,582,0.50,26.30
3,2,3,0,3,2,2,0,613,0.50,26.46
2,3,2,2,3,0,0,3,635,0.60,26.84
2,0,2,3,2,0,3,3,636,0.60,26.59
3,0,3,2,0,3,2,2,849,0.50,26.57
3,2,3,2,2,0,0,3,874,0.50,26.40
3,2,2,3,2,3,0,0,87,0.60,26.23
0,2,3,2,0,3,3,2,956,0.50,26.62
0,3,2,0,2,2,3,3,957,0.60,26.64
2,3,2,3,0,2,3,0,967,0.50,26.38
0,3,2,3,0,2,2,2,1059,0.50,26.69
3,2,2,0,0,2,3,2,1065,0.50,26.80
3,2,0,2,0,2,3,2,1069,0.50,26.91
2,0,2,3,3,2,0,2,1148,0.40,26.57
2,2,3,0,3,2,2,0,1150,0.40,26.74
0,3,0,2,2,2,2,3,1188,0.40,26.71
3,2,0,2,0,3,2,2,1205,0.40,26.80
3,2,2,0,3,2,2,0,1290,0.60,26.67
2,0,2,2,0,2,3,3,1311,0.50,26.44
0,3,2,2,2,3,0,2,1355,0.50,26.80
0,3,2,2,0,2,2,3,1423,0.50,26.60
3,2,0,2,2,0,2,3,1469,0.50,26.91
3,2,0,3,2,0,2,2,1485,0.50,26.77
2,2,0,2,3,0,3,2,1487,0.60,26.83
0,2,2,2,2,3,3,0,160,0.60,26.28
0,2,2,3,3,2,0,2,1852,0.50,26.70
2,0,3,0,3,2,2,2,1865,0.50,26.68
2,2,3,0,2,2,3,0,2062,0.50,26.71
2,2,0,3,0,2,3,2,2138,0.50,26.86
0,2,3,3,2,2,2,0,2151,0.50,26.93
0,2,2,3,2,0,3,2,2157,0.50,27.04
3,2,2,0,0,2,2,3,2282,0.50,27.06
0,2,2,2,3,2,3,0,2492,0.50,26.86
3,0,3,2,0,2,2,2,2558,0.50,26.99
0,3,2,3,2,0,2,2,2571,0.50,26.84
2,0,2,3,3,2,2,0,2638,0.50,27.09
2,0,0,3,2,2,3,2,2642,0.50,27.09
0,3,0,3,2,2,2,2,2651,0.50,26.99
0,2,2,3,2,3,2,0,2888,0.50,27.03
2,0,2,3,0,3,2,2,2891,0.50,27.17
3,2,2,2,0,0,3,2,2985,0.60,27.25
2,3,0,2,3,2,2,0,3266,0.60,27.07
0,2,2,2,3,3,2,0,3422,0.50,27.17
2,2,0,2,0,2,3,3,3591,0.50,26.99
2,2,0,2,2,3,3,0,3642,0.40,27.13
2,0,2,3,3,2,2,0,3703,0.60,27.09
0,2,2,3,3,2,2,0,3737,0.40,27.39
0,3,3,2,0,2,2,2,3743,0.70,27.41
2,3,2,2,0,0,3,2,3785,0.60,27.20
2,2,3,2,3,2,0,0,3899,0.60,27.19
0,2,3,0,2,2,2,3,467,0.50,26.55
2,2,3,0,2,3,0,2,476,0.40,26.33
2,3,3,2,0,2,0,2,486,0.40,26.51
2,0,0,3,3,2,2,2,715,0.40,26.65
2,0,2,3,2,3,2,0,75,0.50,26.57
2,0,3,2,3,2,0,2,850,0.40,26.73
2,0,2,0,3,2,3,2,874,0.50,26.54
3,2,0,2,2,2,3,0,917,0.60,26.65
3,0,2,3,0,2,2,2,992,0.50,26.34
2,0,2,2,3,2,0,3,999,0.50,26.52
2,2,0,2,2,2,0,3,1066,0.50,26.47
0,3,2,0,2,2,2,2,1146,0.40,26.64
0,2,0,2,2,2,2,3,1154,0.40,26.62
2,0,3,0,2,2,2,2,1212,0.50,26.79
2,2,2,2,3,0,0,2,1362,0.50,26.62
2,3,2,2,0,2,2,0,1391,0.60,26.73
2,3,2,2,0,2,2,0,1411,0.50,26.45
0,0,2,2,2,2,2,3,1438,0.60,26.75
2,2,2,2,2,0,3,0,1439,0.40,26.57
3,0,2,2,0,2,2,2,1514,0.50,26.62
2,2,3,0,0,2,2,2,1542,0.60,26.74
2,0,2,2,0,2,2,3,1601,0.50,26.81
2,2,2,0,0,3,2,2,1647,0.40,26.61
3,2,2,2,2,0,2,0,2040,0.50,27.01
2,0,3,2,2,2,2,0,2084,0.50,27.07
3,2,2,2,0,2,2,0,2085,0.40,26.73
0,2,0,3,2,2,2,2,2097,0.50,27.00
2,0,2,0,2,2,2,3,2100,0.50,26.89
2,2,3,0,2,0,2,2,2116,0.40,26.86
3,2,2,0,0,2,2,2,2216,0.50,26.75
0,2,2,3,0,2,2,2,2230,0.40,26.53
0,2,2,3,0,2,2,2,2277,0.70,27.13
0,2,2,0,2,2,3,2,2285,0.40,26.75
2,2,0,2,2,2,0,3,231,0.60,26.25
3,0,2,2,2,0,2,2,2330,0.70,26.99
3,2,2,2,0,2,2,0,2542,0.50,26.89
0,2,2,2,3,2,2,0,2583,0.60,27.06
2,2,3,0,2,0,2,2,2818,0.60,27.23
3,2,2,2,0,0,2,2,3178,0.60,27.18
2,3,2,2,0,0,2,2,3284,0.50,27.03
0,2,2,2,2,3,0,2,3344,0.60,27.23
2,2,2,0,2,3,2,0,3361,0.60,27.09
0,2,3,2,2,2,0,2,3626,0.70,27.29
2,0,3,0,2,2,2,2,3636,0.50,27.27
2,0,2,0,3,2,2,2,3670,0.50,27.35
2,2,0,3,2,2,2,0,3909,0.60,27.12
0,3,2,0,2,2,2,2,441,0.50,26.41
0,2,2,0,2,3,2,2,587,0.40,26.57
2,2,0,3,0,2,2,2,668,0.50,26.50
2,2,0,2,2,2,0,3,784,0.50,26.63
2,2,0,0,2,2,2,2,1174,0.60,26.38
2,2,0,0,2,2,2,2,1277,0.60,26.80
0,2,2,2,0,2,2,2,1348,0.60,26.71
2,2,2,0,2,2,2,0,1441,0.60,26.71
2,2,2,2,2,2,0,0,1473,0.50,26.57
2,2,0,2,2,2,2,0,1544,0.50,26.59
2,0,0,2,2,2,2,2,1629,0.60,26.91
2,0,2,2,2,2,0,2,1828,0.60,26.75
0,2,2,2,2,0,2,2,1905,0.50,26.67
2,2,0,2,0,2,2,2,190,0.50,26.61
2,2,0,2,0,2,2,2,196,0.50,26.13
2,2,0,2,2,2,0,2,1971,0.50,26.65
2,2,2,2,2,0,0,2,1977,0.50,27.02
0,2,2,2,2,2,2,0,2136,0.60,27.00
2,0,2,0,2,2,2,2,2205,0.50,27.20
2,0,2,2,0,2,2,2,2216,0.40,26.66
2,2,0,2,2,2,0,2,2423,0.40,27.16
2,2,2,2,2,2,0,0,2541,0.50,27.12
0,2,0,2,2,2,2,2,2676,0.50,27.00
2,2,0,2,0,2,2,2,2677,0.50,26.89
2,2,0,2,0,2,2,2,2740,0.50,27.13
2,2,2,2,0,2,2,0,2746,0.50,26.73
2,2,0,2,0,2,2,2,2759,0.50,26.97
0,2,2,2,2,0,2,2,2806,0.50,26.95
0,0,2,2,2,2,2,2,284,0.40,26.24
2,0,2,2,0,2,2,2,2943,0.60,27.11
0,2,2,0,2,2,2,2,2961,0.60,27.02
2,2,2,0,2,2,0,2,308,0.50,26.57
2,0,2,2,2,0,2,2,3258,0.50,27.16
2,0,2,2,2,0,2,2,3303,0.60,27.31
2,2,2,2,2,2,0,0,3341,0.50,26.96
2,2,2,2,0,2,0,2,337,0.60,26.40
2,2,2,2,2,0,0,2,3512,0.50,27.25
0,2,2,2,2,2,0,2,3515,0.40,27.12
2,0,2,2,2,2,2,0,3523,0.50,27.38
0,0,2,2,2,2,2,2,3632,0.40,27.25
2,2,0,2,0,2,2,2,3702,0.50,27.25
2,2,0,2,0,2,2,2,3710,0.40,27.08
0,2,2,2,2,2,0,2,3724,0.60,27.39
2,2,2,2,0,2,2,0,378,0.50,26.41
2,2,2,2,2,0,0,2,3869,0.50,27.32
2,2,2,0,2,2,0,2,3903,0.40,27.03
0,2,2,2,2,2,2,0,525,0.60,26.33
2,2,2,2,2,0,0,2,772,0.50,26.34
0,2,0,2,2,2,2,2,830,0.60,26.59
0,2,2,2,0,2,2,2,963,0.50,26.62
3,2,3,0,2,0,1,3,1071,0.40,26.55
3,3,3,0,2,2,0,1,1139,0.40,26.55
0,2,0,3,2,3,3,1,1189,0.40,26.51
2,3,1,3,0,3,2,0,1227,0.40,26.71
1,0,2,3,3,0,2,3,1254,0.50,26.71
3,3,0,2,1,0,3,2,1290,0.50,26.79
3,0,3,0,3,2,1,2,1340,0.50,26.66
1,3,3,0,2,2,3,0,1406,0.40,26.76
2,1,3,3,3,0,2,0,1446,0.50,26.88
3,1,2,3,0,2,0,3,1527,0.40,26.73
2,3,3,3,2,0,1,0,1600,0.40,26.57
3,2,1,3,0,2,0,3,1609,0.50,26.94
0,2,0,3,3,3,1,2,1664,0.50,26.77
2,0,1,3,0,3,3,2,1693,0.50,26.71
3,3,1,0,2,3,0,2,1696,0.50,26.77
3,2,2,0,3,3,0,1,1820,0.60,26.99
3,0,3,2,3,1,0,2,1859,0.40,26.68
0,2,1,3,2,3,3,0,1913,0.40,26.76
2,3,3,2,0,3,1,0,2087,0.50,27.08
0,2,3,2,3,0,3,1,2102,0.50,26.71
1,0,2,3,3,0,2,3,2106,0.60,27.00
0,2,1,3,0,3,3,2,2384,0.60,27.03
1,0,2,3,3,0,2,3,2405,0.60,26.72
2,0,1,0,2,3,3,3,2496,0.50,27.03
0,3,2,3,2,3,1,0,24,0.60,26.34
3,0,2,1,2,3,3,0,2658,0.50,27.16
3,2,2,1,0,3,0,3,2718,0.50,27.06
2,3,2,1,0,3,3,0,2767,0.40,27.00
0,3,2,2,3,1,3,0,277,0.60,26.20
0,1,2,3,2,0,3,3,2986,0.50,27.27
0,3,1,2,3,2,0,3,300,0.40,26.44
2,0,3,3,0,2,3,1,3011,0.50,27.02
3,1,3,0,0,2,2,3,3114,0.50,27.00
3,1,2,3,2,3,0,0,3133,0.40,27.14
3,3,2,0,2,0,1,3,3140,0.40,26.87
0,3,0,3,3,2,1,2,3181,0.60,27.23
2,2,3,0,3,0,1,3,3363,0.50,27.11
3,0,3,1,2,3,0,2,3368,0.50,27.30
1,3,0,3,2,0,2,3,3434,0.40,27.35
0,1,2,3,2,3,0,3,3463,0.60,27.14
2,1,3,3,0,2,0,3,3481,0.50,27.19
0,3,0,2,2,1,3,3,3489,0.40,27.18
3,1,2,2,3,0,0,3,3535,0.60,27.32
3,0,1,0,3,2,2,3,3615,0.60,27.45
3,3,1,0,0,2,3,2,3803,0.50,27.40
2,0,3,1,3,2,3,0,3812,0.50,27.32
2,3,1,0,3,3,2,0,3930,0.50,27.53
3,0,1,3,2,0,2,3,3936,0.50,27.43
2,1,3,2,0,3,3,0,3948,0.50,27.16
2,1,0,3,2,0,3,3,3957,0.50,27.20
1,3,0,0,3,2,3,2,3961,0.50,27.44
2,3,0,3,2,1,0,3,3962,0.60,27.22
3,3,0,3,0,2,1,2,3993,0.50,27.17
0,2,0,2,1,3,3,3,433,0.50,26.57
3,3,0,2,0,3,2,1,609,0.50,26.53
3,2,0,3,3,0,2,1,712,0.50,26.59
0,3,0,2,1,3,2,3,762,0.50,26.57
3,0,3,1,2,2,0,3,867,0.40,26.51
2,3,2,0,3,0,1,3,879,0.50,26.46
3,3,2,2,3,0,1,0,87,0.50,26.39
3,2,3,2,2,0,0,1,1023,0.40,26.48
3,0,2,3,2,1,2,0,105,0.50,26.51
1,0,2,3,2,2,0,3,1073,0.40,26.86
1,3,2,0,0,2,2,3,1137,0.50,26.68
0,2,1,3,2,0,3,2,1152,0.50,26.60
0,3,1,2,2,0,3,2,1170,0.50,26.64
0,0,2,1,3,2,2,3,1243,0.50,26.59
0,2,3,2,1,3,0,2,1387,0.50,26.87
3,2,0,3,0,2,2,1,1388,0.50,26.75
3,0,0,1,2,2,2,3,1500,0.50,26.69
0,3,0,2,2,3,1,2,1568,0.60,26.83
3,2,0,0,1,2,3,2,1599,0.60,26.79
2,3,0,0,2,1,3,2,1658,0.60,26.90
0,3,2,3,0,1,2,2,1674,0.40,26.62
2,2,3,3,0,1,2,0,1753,0.50,26.76
2,0,2,0,1,3,2,3,1812,0.60,26.80
2,0,2,3,2,0,1,3,1898,0.50,26.75
1,0,0,3,3,2,2,2,1961,0.50,26.97
2,3,3,1,2,2,0,0,1973,0.50,26.74
0,2,2,1,0,3,3,2,2311,0.60,26.68
1,2,0,2,3,2,0,3,2334,0.70,27.05
2,2,3,0,0,3,2,1,2384,0.50,26.79
3,0,2,2,1,2,0,3,2574,0.60,27.11
0,1,0,3,2,3,2,2,257,0.60,26.53
3,2,2,3,0,0,2,1,2671,0.50,27.06
2,0,3,0,2,3,2,1,2672,0.50,27.18
3,2,0,1,2,3,0,2,2694,0.60,26.86
2,3,2,0,0,3,1,2,2729,0.50,27.17
3,0,0,3,2,2,2,1,3048,0.50,27.25
2,0,0,2,3,1,2,3,3125,0.50,27.07
2,2,1,3,0,2,3,0,3334,0.50,27.31
2,3,1,2,3,0,2,0,339,0.40,26.52
1,0,2,3,3,2,2,0,3407,0.50,27.37
3,2,3,2,0,2,0,1,3506,0.50,27.23
2,0,2,2,3,3,0,1,3677,0.50,27.02
0,1,2,2,2,3,0,3,368,0.50,26.55
1,0,3,0,2,2,3,2,3787,0.60,27.43
0,3,1,2,3,2,0,2,3947,0.60,27.51
0,1,2,0,2,2,3,3,3963,0.60,27.41
2,2,3,0,1,3,0,2,4008,0.50,27.27
3,2,3,2,0,2,1,0,4027,0.40,27.48
2,0,3,2,2,3,0,1,509,0.50,26.24
0,0,1,2,2,2,3,3,696,0.40,26.48
3,2,0,2,2,1,0,3,71,0.50,26.46
0,2,3,2,2,0,3,1,724,0.40,26.68
0,3,2,2,1,0,2,3,781,0.50,26.59
3,0,2,2,2,0,3,1,795,0.60,26.68
2,0,2,1,2,2,0,3,1041,0.50,26.61
0,2,2,2,0,3,2,1,1062,0.50,26.56
2,2,1,3,0,2,2,0,1079,0.50,26.67
2,3,2,0,2,0,2,1,1101,0.60,26.45
3,2,2,2,0,0,2,1,1172,0.50,26.82
2,2,0,2,1,2,3,0,118,0.50,26.53
0,3,2,0,1,2,2,2,1193,0.60,26.57
1,2,3,2,2,0,0,2,1268,0.50,26.69
3,2,2,1,0,2,2,0,1481,0.50,26.90
2,1,2,2,2,0,0,3,1482,0.40,26.96
1,2,2,3,0,2,2,0,1602,0.50,26.65
2,0,2,0,2,1,2,3,163,0.50,26.36
2,1,0,2,2,0,3,2,1849,0.60,26.84
2,0,3,1,0,2,2,2,188,0.40,26.44
0,1,2,0,3,2,2,2,1907,0.60,26.99
2,0,0,2,3,2,2,1,2039,0.50,27.04
0,1,2,2,3,2,0,2,2095,0.50,26.66
2,3,2,0,2,0,2,1,2151,0.50,26.81
2,2,2,3,0,1,0,2,2189,0.60,26.94
0,2,2,1,0,2,2,3,2308,0.60,27.06
1,2,0,3,2,2,2,0,2423,0.40,26.86
0,3,2,2,0,1,2,2,2436,0.60,26.85
2,0,3,2,2,2,1,0,2496,0.50,27.07
3,0,2,2,0,2,2,1,2610,0.40,27.02
2,3,2,2,0,0,2,1,2650,0.50,26.96
1,2,0,2,2,2,0,3,2681,0.50,26.82
2,2,0,2,3,1,0,2,2724,0.40,26.87
3,2,0,2,1,2,2,0,2802,0.30,27.15
0,2,3,2,0,2,2,1,2848,0.40,26.97
2,2,1,2,2,3,0,0,2895,0.40,26.97
2,1,0,2,0,2,3,2,3012,0.50,27.09
0,2,3,2,2,2,0,1,3118,0.60,27.36
2,0,3,1,0,2,2,2,3122,0.60,27.42
1,2,2,2,0,0,3,2,3164,0.60,26.99
0,3,2,1,0,2,2,2,316,0.60,26.50
0,3,1,2,2,0,2,2,3377,0.40,27.34
0,2,3,2,2,1,2,0,3686,0.50,27.08
0,0,2,2,2,1,3,2,3723,0.50,27.43
2,2,1,2,3,0,2,0,3857,0.50,27.15
0,0,1,2,2,3,2,2,3875,0.40,27.30
0,2,2,0,2,3,2,1,3991,0.60,27.53
0,3,2,1,2,0,2,2,41,0.50,26.34
0,1,2,2,2,3,0,2,441,0.40,26.67
2,2,0,0,2,3,1,2,46,0.50,26.24
2,0,0,1,2,3,2,2,536,0.50,26.59
0,3,2,0,2,2,2,1,687,0.40,26.43
2,2,2,0,0,3,2,1,845,0.40,26.75
1,0,2,2,2,0,2,2,1113,0.50,26.79
2,0,1,2,2,0,2,2,1208,0.40,26.73
0,0,2,2,2,1,2,2,1214,0.50,26.89
0,2,2,2,2,2,1,0,1364,0.40,26.54
2,2,2,2,2,1,0,0,1472,0.40,26.69
0,2,0,2,2,2,1,2,1575,0.50,26.39
2,2,2,0,2,1,2,0,167,0.40,26.49
0,0,1,2,2,2,2,2,1766,0.60,26.75
0,1,2,0,2,2,2,2,182,0.50,26.50
2,0,2,2,2,2,0,1,183,0.50,26.41
0,2,2,0,2,2,2,1,1896,0.50,26.96
1,0,2,2,0,2,2,2,1961,0.40,27.08
2,0,2,1,2,2,2,0,2168,0.50,26.85
2,2,0,1,2,2,2,0,2269,0.50,26.96
0,2,2,2,0,2,1,2,2276,0.50,27.04
2,2,2,0,0,1,2,2,2314,0.50,27.14
2,2,0,2,1,2,0,2,2389,0.60,26.97
0,2,2,1,2,0,2,2,2399,0.80,26.90
0,2,0,2,1,2,2,2,2418,0.50,27.02
2,2,2,1,2,0,0,2,2493,0.50,26.91
2,2,2,2,0,1,2,0,254,0.50,26.52
0,1,2,0,2,2,2,2,2612,0.50,26.89
1,2,0,0,2,2,2,2,2667,0.50,27.19
0,2,2,1,2,0,2,2,2709,0.50,26.78
2,0,2,2,0,1,2,2,2792,0.40,26.97
2,0,1,2,2,0,2,2,2816,0.50,27.02
2,2,2,0,0,2,1,2,2827,0.50,27.06
0,2,1,2,2,2,0,2,283,0.60,26.43
2,0,2,2,1,0,2,2,2943,0.60,27.13
1,2,2,0,2,2,2,0,2960,0.50,26.95
2,0,2,2,1,0,2,2,2967,0.50,27.01
0,2,0,1,2,2,2,2,3109,0.40,26.87
2,2,0,2,0,1,2,2,3140,0.60,26.95
0,2,0,2,2,1,2,2,3161,0.50,26.91
2,2,2,1,2,0,2,0,3170,0.40,27.28
1,0,2,0,2,2,2,2,3220,0.50,27.17
2,2,0,0,2,2,1,2,3310,0.60,27.01
2,2,1,2,0,2,0,2,3393,0.60,27.23
1,0,2,2,2,2,0,2,3472,0.50,26.86
0,2,2,1,2,2,0,2,347,0.50,26.37
2,2,2,0,2,1,0,2,3741,0.60,27.26
0,2,0,2,1,2,2,2,3882,0.50,27.47
1,0,2,2,2,2,2,0,4093,0.50,27.50
2,2,0,2,2,0,2,1,566,0.40,26.47
0,2,2,1,2,0,2,2,730,0.40,26.77
0,2,2,2,2,2,1,0,82,0.40,26.35
2,2,0,0,2,2,1,2,838,0.50,26.50
0,2,3,0,2,3,0,3,1040,0.60,26.62
2,2,0,3,0,0,3,3,1053,0.50,26.59
0,3,2,2,3,0,3,0,1128,0.50,26.80
3,3,0,3,0,0,2,2,1182,0.50,26.62
3,2,3,2,0,3,0,0,1239,0.50,26.65
3,2,0,0,0,2,3,3,1263,0.50,26.73
0,0,3,2,2,3,0,3,1347,0.50,26.41
2,0,2,3,0,3,3,0,1481,0.50,26.39
0,0,3,0,3,3,2,2,1545,0.50,26.65
3,0,2,3,2,0,0,3,1636,0.50,26.75
3,2,3,2,0,0,3,0,1735,0.50,26.81
3,2,0,0,3,3,2,0,1813,0.50,26.86
0,0,3,2,2,3,3,0,211,0.30,26.54
0,0,3,0,2,3,2,3,2200,0.40,26.96
3,3,3,2,0,0,0,2,2220,0.40,26.85
3,2,0,2,0,3,0,3,2257,0.60,26.84
0,2,3,3,2,0,0,3,2258,0.40,27.04
3,0,0,2,3,2,0,3,2260,0.60,26.96
2,3,3,0,2,3,0,0,2317,0.50,27.00
3,0,0,2,3,3,2,0,2498,0.60,27.04
2,3,2,0,0,3,3,0,2620,0.59,26.81
0,0,2,3,0,3,3,2,2641,0.50,27.13
3,0,0,2,2,0,3,3,2730,0.50,26.95
0,0,3,3,3,0,2,2,2911,0.50,27.01
0,0,3,2,0,3,2,3,2928,0.50,27.12
2,0,3,3,0,0,2,3,321,0.50,26.43
0,3,0,2,3,2,3,0,3259,0.60,27.16
2,0,0,3,2,3,3,0,3393,0.50,27.20
3,3,0,2,0,2,0,3,3526,0.60,27.45
0,0,2,2,0,3,3,3,3587,0.60,27.12
0,0,2,3,2,0,3,3,3680,0.60,27.01
2,3,3,0,3,2,0,0,368,0.60,26.46
2,3,3,0,3,2,0,0,3781,0.50,27.46
0,3,3,3,0,2,0,2,3916,0.50,27.43
0,3,2,0,3,2,3,0,3943,0.50,27.40
0,0,2,3,3,2,0,3,4018,0.50,27.46
2,3,0,2,0,0,3,3,439,0.60,26.56
3,2,0,3,0,2,3,0,549,0.60,26.67
2,2,3,3,0,0,0,3,599,0.50,26.64
2,2,3,0,0,3,3,0,627,0.50,26.50
3,2,0,3,2,3,0,0,672,0.50,26.48
0,0,2,3,3,2,3,0,722,0.40,26.66
3,0,3,0,2,3,2,0,75,0.40,26.31
0,2,0,3,3,3,2,0,784,0.40,26.46
0,3,0,3,0,2,2,3,87,0.50,26.51
3,2,0,3,2,0,0,3,956,0.50,26.56
3,0,2,0,3,3,0,2,990,0.50,26.55
2,2,3,0,2,3,0,0,1048,0.50,26.72
0,3,2,0,2,3,2,0,1057,0.60,26.43
3,0,0,0,2,2,2,3,1066,0.50,26.77
2,3,0,3,2,2,0,0,1152,0.60,26.56
0,0,2,3,2,0,3,2,1164,0.40,26.80
3,3,2,2,0,0,0,2,1262,0.40,26.57
3,0,0,0,3,2,2,2,133,0.50,26.38
2,2,3,0,0,2,0,3,1400,0.50,26.94
3,3,2,2,0,2,0,0,1523,0.60,26.94
3,0,0,3,2,2,0,2,1561,0.50,26.81
2,0,2,2,3,3,0,0,1595,0.40,26.72
0,0,2,2,2,3,3,0,166,0.60,26.54
2,0,2,0,2,0,3,3,1674,0.50,26.87
2,3,0,0,2,3,2,0,1710,0.60,26.57
2,0,0,0,2,2,3,3,1982,0.60,27.05
3,0,0,2,2,0,3,2,1999,0.50,26.72
3,3,0,2,2,0,0,2,2061,0.70,27.01
0,0,2,2,3,3,2,0,2151,0.50,27.07
3,0,0,3,2,0,2,2,2207,0.50,27.00
3,2,2,2,0,3,0,0,2223,0.50,26.84
3,0,3,2,0,2,2,0,2296,0.40,26.99
3,0,2,2,0,3,2,0,232,0.50,26.57
3,0,3,2,0,0,2,2,238,0.40,26.44
3,0,2,3,0,2,0,2,2441,0.50,27.02
0,2,2,3,0,3,2,0,264,0.60,26.62
0,2,0,0,3,2,3,2,2905,0.40,27.22
3,2,2,0,0,3,2,0,2993,0.50,27.12
2,2,0,3,2,3,0,0,3027,0.50,27.08
2,3,0,0,2,2,0,3,3071,0.60,26.89
2,2,3,3,0,2,0,0,3155,0.50,27.25
0,2,0,3,2,0,3,2,3171,0.50,27.01
2,3,0,3,0,0,2,2,3246,0.50,27.14
2,2,0,2,0,0,3,3,3393,0.60,27.21
2,0,3,3,0,0,2,2,3399,0.40,26.96
0,0,2,3,3,0,2,2,3424,0.50,27.03
0,0,0,2,3,2,2,3,3444,0.50,27.12
0,2,0,0,3,2,3,2,3446,0.50,27.27
2,2,0,2,3,3,0,0,3452,0.60,27.42
3,2,2,2,3,0,0,0,3568,0.40,27.41
0,0,2,0,3,3,2,2,3665,0.60,27.18
2,3,3,0,0,0,2,2,37,0.50,26.50
3,3,0,2,2,0,2,0,3879,0.40,27.37
0,2,3,2,3,0,0,2,3950,0.40,27.56
0,2,2,3,0,2,0,3,397,0.60,26.44
2,3,0,2,0,0,3,2,428,0.50,26.35
0,0,2,3,2,2,0,3,47,0.40,26.53
2,0,3,3,2,0,2,0,503,0.50,26.61
2,3,0,0,2,2,0,3,533,0.60,26.85
2,2,0,0,0,3,3,2,567,0.60,26.35
3,3,2,2,0,2,0,0,652,0.60,26.68
3,2,2,0,0,0,3,2,932,0.60,26.50
0,3,0,2,2,0,2,2,1007,0.50,26.46
0,0,2,2,2,0,2,3,122,0.60,26.39
3,0,2,2,2,0,0,2,123,0.60,26.50
0,0,3,0,2,2,2,2,1279,0.50,26.72
2,0,2,3,2,0,2,0,1339,0.50,26.64
0,2,0,0,2,2,3,2,1647,0.50,27.09
0,2,3,2,2,0,2,0,1710,0.50,26.89
2,2,2,0,2,3,0,0,1803,0.50,26.86
2,0,3,0,2,0,2,2,1835,0.60,26.71
0,2,2,2,3,0,2,0,1894,0.50,26.90
2,3,0,2,0,2,2,0,1964,0.60,26.93
0,2,2,2,0,2,3,0,2229,0.60,26.87
2,0,2,2,0,2,3,0,2245,0.50,27.16
2,2,2,0,3,2,0,0,2261,0.50,26.82
2,0,0,2,2,2,0,3,2314,0.60,26.81
2,0,0,2,0,2,3,2,2510,0.50,26.74
2,0,0,2,3,2,0,2,2626,0.50,27.04
2,0,0,2,0,2,3,2,2785,0.40,26.91
2,2,3,0,0,2,2,0,2796,0.60,27.01
3,0,2,2,0,2,2,0,2809,0.60,26.91
3,2,0,0,2,2,2,0,281,0.50,26.53
2,2,0,3,0,0,2,2,2866,0.60,26.86
0,0,2,0,2,3,2,2,2913,0.40,27.17
0,2,0,3,2,2,2,0,3062,0.40,26.94
2,0,2,0,2,2,3,0,3426,0.50,27.06
0,2,3,2,2,0,0,2,3451,0.60,27.38
3,2,0,2,0,2,2,0,3501,0.40,27.46
0,2,2,3,2,2,0,0,357,0.50,26.30
0,3,2,2,2,2,0,0,3604,0.50,27.38
2,3,2,0,0,2,2,0,3631,0.50,27.31
2,2,2,0,3,0,0,2,3663,0.40,27.68
2,0,2,0,0,3,2,2,3858,0.60,27.21
2,3,0,2,0,2,2,0,4042,0.40,27.51
2,0,2,0,3,2,0,2,4074,0.50,27.45
2,2,2,0,3,0,2,0,418,0.50,26.36
0,2,0,2,0,3,2,2,441,0.50,26.51
2,3,2,0,2,0,0,2,613,0.40,26.59
2,0,3,2,2,2,0,0,672,0.60,26.54
0,2,0,2,2,3,2,0,78,0.60,26.41
2,3,2,2,0,2,0,0,819,0.40,26.84
0,0,3,2,2,0,2,2,878,0.50,26.45
2,0,0,2,3,0,2,2,951,0.60,26.82
2,2,2,0,2,0,2,0,1072,0.50,26.96
2,0,2,0,2,2,2,0,1163,0.40,26.49
2,2,0,0,2,2,2,0,1181,0.50,26.59
2,2,0,2,0,2,2,0,1351,0.50,26.64
2,2,0,0,0,2,2,2,1631,0.70,26.74
2,0,2,2,2,0,2,0,1690,0.50,26.88
0,2,2,2,0,2,0,2,1729,0.40,26.86
0,2,2,0,2,2,2,0,1800,0.50,26.52
2,0,2,0,2,2,2,0,1858,0.60,27.00
2,0,0,0,2,2,2,2,2002,0.40,26.86
2,2,2,0,0,2,0,2,2087,0.50,26.77
2,2,2,0,2,2,0,0,2199,0.50,26.81
2,2,0,2,2,0,0,2,2378,0.70,26.86
2,0,0,2,0,2,2,2,2380,0.50,26.81
0,2,0,0,2,2,2,2,2604,0.50,26.88
0,2,2,2,0,2,0,2,2611,0.60,26.86
2,0,2,2,0,2,0,2,2793,0.60,26.73
0,0,2,2,2,2,0,2,2840,0.50,26.95
0,2,2,2,0,2,2,0,3457,0.50,27.18
2,2,0,2,0,2,2,0,34,0.50,26.25
0,2,2,2,0,2,2,0,3593,0.60,27.18
2,0,2,2,0,2,2,0,3606,0.60,27.06
0,0,2,2,2,2,2,0,3680,0.50,27.23
2,0,2,2,2,0,2,0,3732,0.60,27.35
0,0,0,2,2,2,2,2,3773,0.40,26.95
2,2,0,2,2,0,2,0,3801,0.50,27.21
0,2,0,2,0,2,2,2,393,0.50,26.62
2,0,2,0,2,2,2,0,439,0.40,26.32
2,2,2,2,0,0,2,0,496,0.60,26.18
0,0,2,2,2,2,2,0,597,0.50,26.58
2,2,0,2,0,2,2,0,775,0.60,26.66
0,2,2,2,0,2,2,0,871,0.50,26.57
2,0,2,2,2,0,0,2,973,0.50,26.38
0,1,0,3,3,3,0,2,102,0.50,26.22
0,1,3,0,2,3,3,0,104,0.50,26.41
3,0,2,3,1,0,0,3,1087,0.40,26.77
0,1,3,2,3,0,3,0,1227,0.40,26.84
3,2,1,0,3,3,0,0,1231,0.50,26.58
3,2,0,0,0,1,3,3,1286,0.40,26.91
0,0,1,3,3,0,3,2,1355,0.50,27.02
2,1,3,0,0,3,3,0,139,0.60,26.31
0,0,0,3,2,3,3,1,1590,0.50,27.05
3,0,0,3,0,1,3,2,1686,0.50,26.87
2,0,3,3,1,0,3,0,1695,0.40,26.89
0,3,0,3,2,1,0,3,1707,0.40,26.67
0,3,0,3,0,3,2,1,1726,0.50,27.00
3,3,0,0,2,0,3,1,174,0.40,26.43
0,3,1,0,0,2,3,3,1839,0.40,26.67
0,0,2,0,3,3,3,1,1871,0.60,26.66
0,2,1,3,0,3,3,0,1899,0.40,26.48
1,3,3,0,3,0,2,0,190,0.50,26.09
3,0,1,3,0,3,2,0,1993,0.50,27.02
1,3,2,0,0,3,0,3,212,0.50,26.39
0,3,3,2,3,0,0,1,2251,0.50,26.97
0,2,0,1,3,3,3,0,2261,0.60,26.79
1,3,0,0,3,0,2,3,2271,0.40,26.76
3,0,0,2,1,0,3,3,2276,0.40,26.97
0,3,3,0,2,0,1,3,2285,0.60,26.94
0,0,3,2,1,0,3,3,2325,0.60,26.91
3,0,0,1,2,0,3,3,2347,0.50,26.96
0,0,3,0,3,2,1,3,2364,0.60,26.76
3,3,0,2,3,0,1,0,2418,0.40,27.05
0,2,3,0,3,3,1,0,2440,0.40,27.19
2,3,1,0,3,0,0,3,255,0.50,26.59
2,3,1,3,3,0,0,0,2614,0.40,27.10
3,0,0,3,2,0,1,3,2662,0.60,26.90
3,0,3,0,2,3,1,0,2670,0.50,26.87
3,1,0,2,3,3,0,0,2837,0.40,27.01
3,3,0,0,1,3,0,2,283,0.70,26.43
3,0,3,0,2,0,1,3,2843,0.50,26.89
0,1,3,3,0,3,2,0,2993,0.50,27.02
0,3,0,3,3,0,2,1,3100,0.40,26.89
3,3,0,0,3,1,0,2,3178,0.40,27.11
2,0,1,3,0,3,3,0,3215,0.40,27.32
0,2,3,0,1,3,0,3,3249,0.50,27.20
2,3,3,3,1,0,0,0,3280,0.50,27.30
2,3,0,0,1,3,0,3,3514,0.50,27.25
0,3,0,3,1,3,0,2,3539,0.40,27.54
0,3,0,3,3,0,2,1,3637,0.60,27.26
0,0,3,2,1,0,3,3,3639,0.50,27.27
0,1,3,3,3,0,0,2,3825,0.40,27.13
3,2,0,3,3,0,1,0,3901,0.40,27.44
1,0,3,0,3,3,0,2,3993,0.50,27.57
2,3,0,0,1,3,3,0,4020,0.50,27.29
3,0,2,0,3,1,3,0,4035,0.50,27.28
2,0,1,3,0,0,3,3,4056,0.50,27.17
0,3,1,3,3,0,0,2,500,0.50,26.49
3,0,3,3,0,0,2,1,553,0.50,26.43
2,0,0,3,0,1,3,3,590,0.60,26.88
2,0,3,0,0,3,1,3,61,0.60,26.46
3,3,0,1,0,3,2,0,620,0.60,26.62
3,0,0,2,1,3,0,3,750,0.60,26.62
0,3,2,0,3,0,3,1,830,0.50,26.45
2,0,0,3,3,0,1,3,88,0.50,26.41
2,3,0,0,1,3,0,3,958,0.50,26.45
2,3,3,0,0,1,3,0,979,0.40,26.58
0,0,3,3,2,0,1,2,1025,0.40,26.68
0,0,3,2,1,2,3,0,1035,0.40,26.71
0,3,0,2,1,0,3,2,1149,0.50,26.61
2,1,0,0,3,2,0,3,1324,0.70,26.61
2,2,1,0,0,3,3,0,1333,0.40,26.73
1,3,0,3,0,2,2,0,1413,0.50,26.84
3,0,3,1,0,2,0,2,1578,0.50,26.75
1,0,3,2,2,3,0,0,1582,0.50,26.79
2,3,0,2,0,3,1,0,1647,0.60,26.79
0,2,0,1,2,3,3,0,1715,0.50,26.89
0,1,2,3,0,3,2,0,1802,0.50,26.65
3,2,3,0,0,0,2,1,1865,0.60,26.75
0,3,0,2,2,3,1,0,18,0.60,26.46
1,3,0,2,0,3,0,2,1943,0.50,26.72
0,3,0,3,2,0,1,2,1977,0.40,26.93
0,0,0,1,2,3,3,2,2004,0.40,26.97
0,2,1,2,3,0,0,3,2044,0.50,26.94
0,1,2,0,0,3,3,2,2078,0.60,26.61
0,2,3,1,0,0,3,2,2083,0.50,26.79
0,0,2,3,0,3,1,2,2155,0.40,27.03
3,3,0,2,1,2,0,0,2327,0.50,26.94
2,0,0,3,3,2,0,1,2418,0.40,26.94
0,0,2,2,1,3,0,3,2467,0.60,26.84
2,1,3,0,2,0,0,3,2507,0.60,27.00
0,2,2,3,1,0,0,3,2514,0.50,26.84
0,3,2,1,3,0,2,0,2516,0.50,26.93
3,0,0,2,3,1,0,2,2562,0.60,27.18
3,0,2,2,1,0,3,0,2605,0.60,26.83
3,1,0,3,0,2,0,2,2766,0.50,26.80
3,2,1,0,3,0,0,2,2830,0.40,27.18
2,1,2,3,0,0,0,3,321,0.50,26.43
0,2,1,0,2,3,0,3,327,0.40,26.34
0,1,3,3,2,0,0,2,3438,0.50,27.35
2,0,3,2,0,0,1,3,349,0.50,26.58
3,3,1,0,2,0,0,2,3521,0.50,27.35
0,0,2,3,3,2,1,0,3595,0.50,27.28
3,1,0,2,0,2,0,3,3596,0.40,27.30
0,1,3,0,2,3,2,0,3743,0.40,27.21
2,0,3,0,1,0,3,2,3861,0.40,27.36
3,2,0,2,1,0,0,3,3885,0.40,27.47
0,3,1,0,2,2,0,3,4027,0.50,27.32
3,1,2,0,0,3,0,2,4045,0.60,27.24
2,2,0,3,0,3,1,0,4071,0.50,27.43
3,0,3,0,2,0,1,2,418,0.50,26.67
3,0,2,1,2,0,3,0,444,0.50,26.39
3,3,0,2,0,1,0,2,489,0.50,26.46
0,2,1,3,0,0,2,3,498,0.50,26.43
0,3,0,1,2,3,2,0,607,0.50,26.61
2,3,3,0,1,0,2,0,710,0.40,26.39
2,0,1,3,0,2,0,3,839,0.40,26.66
0,2,1,2,3,0,0,3,880,0.40,26.62
1,3,0,2,2,0,0,3,946,0.40,26.54
1,3,2,0,0,2,2,0,1080,0.50,26.74
0,0,3,1,2,0,2,2,1133,0.40,26.75
0,0,2,0,3,1,2,2,1135,0.40,26.71
2,2,0,1,3,0,0,2,1250,0.50,26.57
3,0,2,1,0,2,2,0,1395,0.60,26.48
0,3,2,0,2,0,1,2,1683,0.60,26.70
0,2,0,0,2,1,2,3,1809,0.50,26.95
2,2,1,3,0,0,0,2,1818,0.60,26.98
1,3,2,2,0,0,2,0,2130,0.50,26.83
2,0,0,0,1,2,2,3,223,0.40,26.61
0,2,2,3,0,0,1,2,2295,0.60,27.00
0,3,2,0,1,0,2,2,2303,0.50,27.07
2,0,1,0,3,2,2,0,2491,0.40,26.94
3,0,2,0,2,0,1,2,2493,0.70,27.16
0,2,2,3,0,1,0,2,2503,0.50,26.77
2,1,0,2,3,0,2,0,2604,0.40,27.13
3,0,2,2,2,0,0,1,2698,0.50,26.90
0,1,0,2,3,2,0,2,276,0.59,26.38
0,1,3,2,0,0,2,2,2885,0.60,27.06
0,1,3,0,2,0,2,2,291,0.50,26.52
2,0,0,1,2,3,2,0,3100,0.40,26.95
0,2,2,1,2,0,0,3,3286,0.40,27.17
1,2,0,0,2,3,0,2,3352,0.50,27.05
0,3,1,2,0,0,2,2,3433,0.40,27.46
0,0,3,2,1,2,2,0,3447,0.60,27.23
2,1,2,0,3,0,2,0,3453,0.50,27.31
2,1,0,2,0,2,0,3,3496,0.60,27.37
2,3,0,2,0,2,0,1,3582,0.50,27.07
2,2,1,0,2,0,3,0,3600,0.50,26.91
2,2,2,1,0,3,0,0,3664,0.40,27.16
1,2,2,3,0,0,2,0,3897,0.40,27.19
0,1,2,2,0,0,2,3,3906,0.50,27.18
3,1,2,2,0,0,0,2,400,0.50,26.32
2,0,1,3,0,2,2,0,4074,0.50,27.07
0,0,0,1,3,2,2,2,509,0.50,26.40
0,2,2,0,3,2,1,0,754,0.60,26.54
3,2,0,2,2,1,0,0,857,0.40,26.35
2,1,2,0,0,3,2,0,9,0.60,26.25
2,2,0,0,2,1,2,0,1061,0.50,26.58
0,0,1,0,2,2,2,2,1071,0.50,26.62
0,0,2,0,1,2,2,2,1371,0.40,26.59
0,2,0,2,0,2,1,2,1408,0.50,26.43
2,2,2,2,0,1,0,0,1579,0.40,26.68
2,2,2,2,1,0,0,0,1614,0.60,26.71
2,0,2,0,2,2,0,1,162,0.50,26.72
1,2,0,2,2,0,2,0,1695,0.60,26.89
1,2,0,2,0,2,0,2,1838,0.40,26.87
2,2,0,0,1,2,0,2,18,0.40,26.23
1,0,0,2,2,0,2,2,2128,0.40,26.99
0,0,2,2,0,2,2,1,2208,0.50,26.82
2,0,2,1,0,2,2,0,2299,0.50,26.77
2,2,2,0,0,0,2,1,2308,0.50,26.88
0,2,1,2,0,2,2,0,2360,0.40,26.73
2,1,0,0,0,2,2,2,2503,0.50,26.95
2,0,0,2,1,2,2,0,2580,0.40,27.14
0,2,2,0,2,2,1,0,2614,0.59,26.78
2,1,2,0,0,0,2,2,2619,0.50,27.01
2,0,0,2,0,2,1,2,307,0.40,26.37
0,2,2,2,0,0,1,2,3104,0.50,26.93
2,2,1,2,0,2,0,0,310,0.70,26.23
2,0,0,1,2,2,0,2,3140,0.60,27.33
0,0,2,2,0,2,2,1,3195,0.50,27.20
0,2,1,2,2,0,0,2,3505,0.60,27.04
1,2,0,0,2,0,2,2,3620,0.60,27.00
2,2,2,0,0,1,0,2,3661,0.60,26.98
2,2,1,0,0,0,2,2,3702,0.50,27.29
1,2,0,2,0,0,2,2,3781,0.50,27.49
2,2,1,0,0,0,2,2,4083,0.40,27.11
2,2,2,0,1,0,2,0,453,0.40,26.48
2,2,2,2,1,0,0,0,476,0.50,26.50
2,0,1,2,0,2,0,2,581,0.50,26.46
0,2,2,0,1,2,0,2,645,0.50,26.45
0,3,0,3,0,2,3,0,1011,0.50,26.74
3,0,3,0,3,0,0,2,1068,0.50,26.64
0,0,0,3,2,3,0,3,1411,0.50,26.70
3,3,3,0,0,2,0,0,150,0.60,26.47
0,3,0,0,3,0,2,3,1591,0.50,26.77
2,3,0,0,0,3,3,0,1725,0.60,26.73
3,0,0,2,0,3,3,0,1845,0.50,26.73
2,0,3,0,0,3,0,3,1857,0.50,27.17
0,3,3,3,0,2,0,0,1939,0.50,26.95
3,0,3,2,0,0,3,0,1946,0.40,26.86
3,2,0,0,0,3,3,0,1968,0.50,26.96
3,0,2,0,3,0,0,3,2045,0.50,26.85
2,3,0,0,3,0,3,0,2050,0.40,26.94
3,0,3,3,2,0,0,0,2071,0.50,26.71
0,0,3,3,0,0,2,3,2095,0.60,27.03
0,0,3,0,0,3,2,3,2101,0.60,26.88
3,3,0,2,0,0,3,0,2165,0.30,26.77
0,0,0,2,3,0,3,3,2234,0.60,26.86
0,0,3,0,3,0,3,2,2239,0.60,26.84
0,0,3,0,3,2,3,0,2403,0.50,26.73
3,0,2,0,3,3,0,0,2473,0.50,26.87
0,2,3,0,3,3,0,0,2597,0.50,27.16
3,0,0,3,0,2,0,3,2638,0.60,27.02
3,0,3,0,0,3,2,0,263,0.40,26.65
3,0,3,0,2,3,0,0,2781,0.50,27.11
3,0,0,3,3,0,2,0,2841,0.50,26.99
0,3,3,0,0,2,3,0,2852,0.50,27.11
3,0,3,3,2,0,0,0,2983,0.60,27.20
0,0,3,3,0,2,3,0,302,0.40,26.43
0,3,3,3,0,0,0,2,3045,0.50,27.21
0,3,2,0,3,0,3,0,3062,0.50,27.09
3,0,3,0,3,0,0,2,3202,0.40,26.91
3,3,0,0,2,3,0,0,3261,0.40,27.13
0,3,0,2,3,3,0,0,3266,0.60,27.34
2,3,0,3,0,0,3,0,32,0.50,26.33
0,3,3,3,0,0,0,2,3370,0.50,27.20
0,3,0,0,2,3,0,3,3428,0.60,27.22
0,0,3,0,3,0,3,2,3477,0.60,27.47
0,0,3,2,0,3,0,3,356,0.40,26.31
0,0,3,0,2,3,0,3,3571,0.50,27.35
0,0,3,0,2,0,3,3,366,0.60,26.31
0,2,0,3,0,3,0,3,3699,0.50,27.43
3,2,0,3,3,0,0,0,3955,0.40,27.39
0,3,0,3,0,2,3,0,4094,0.40,27.47
3,3,0,2,0,0,0,3,490,0.40,26.46
0,3,2,0,3,0,0,3,523,0.60,26.21
2,0,3,0,3,0,0,3,661,0.40,26.69
3,0,0,0,3,0,2,3,67,0.60,26.25
0,3,0,0,3,0,2,3,708,0.50,26.41
0,0,2,3,0,3,0,3,715,0.50,26.63
3,0,2,3,0,0,0,3,768,0.50,26.67
3,0,3,0,0,2,3,0,79,0.40,26.54
0,3,3,0,2,0,3,0,887,0.50,26.71
3,3,3,0,0,0,2,0,922,0.50,26.79
0,2,3,0,3,3,0,0,962,0.50,26.63
3,2,0,3,0,3,0,0,978,0.50,26.76
3,0,2,0,2,3,0,0,1581,0.40,27.00
3,2,3,0,0,2,0,0,1659,0.40,26.76
0,2,0,0,3,3,0,2,1749,0.50,26.96
3,0,0,0,2,0,2,3,1754,0.50,26.86
0,0,3,2,2,0,3,0,1848,0.50,26.76
3,3,2,2,0,0,0,0,1883,0.60,26.87
0,3,0,2,0,3,0,2,191,0.60,26.38
0,2,3,2,3,0,0,0,1928,0.50,26.89
0,2,3,0,2,0,3,0,2163,0.50,26.95
2,3,0,0,0,2,0,3,2294,0.50,26.75
2,2,0,0,0,0,3,3,2635,0.50,27.00
0,0,2,3,0,0,2,3,2715,0.60,27.20
3,0,2,0,2,0,0,3,2818,0.50,27.00
3,3,2,0,0,2,0,0,3104,0.50,27.31
2,3,3,0,0,0,2,0,3165,0.50,27.09
3,0,2,3,0,0,2,0,3315,0.50,26.88
0,2,0,0,3,0,3,2,33,0.60,26.34
2,0,0,0,0,2,3,3,3438,0.40,27.04
0,3,0,2,0,0,2,3,3443,0.60,27.10
0,0,2,3,0,0,3,2,3529,0.40,27.34
3,0,0,2,2,0,0,3,3545,0.40,27.45
3,0,2,0,2,0,0,3,3622,0.50,27.34
2,3,2,0,0,0,0,3,3674,0.50,27.07
2,0,0,3,3,0,0,2,3702,0.50,27.38
0,0,0,0,3,2,2,3,3861,0.40,27.47
2,0,0,3,3,2,0,0,3984,0.40,27.52
0,3,3,0,2,0,2,0,472,0.50,26.32
2,0,3,0,0,0,3,2,690,0.40,26.54
3,0,3,2,0,2,0,0,74,0.50,26.34
0,0,3,3,0,2,0,2,754,0.60,26.66
2,2,0,0,0,3,3,0,767,0.70,26.34
3,2,0,2,0,3,0,0,771,0.40,26.63
3,0,2,3,0,0,2,0,874,0.50,26.70
2,0,0,2,3,0,0,3,972,0.50,26.41
0,3,2,0,0,2,0,2,1015,0.60,26.61
0,2,0,3,0,2,0,2,1130,0.60,26.74
0,0,3,0,2,2,2,0,115,0.50,26.47
0,2,0,2,3,2,0,0,1254,0.60,26.71
2,2,0,2,0,0,0,3,1281,0.60,26.50
0,0,2,2,0,2,3,0,1300,0.60,26.77
3,0,2,0,0,2,2,0,1309,0.40,26.44
0,2,2,0,2,3,0,0,159,0.50,26.74
2,2,0,0,0,3,2,0,1690,0.40,26.82
0,0,2,2,0,0,3,2,1700,0.70,26.84
3,2,0,2,0,0,0,2,2057,0.60,27.05
2,0,2,0,0,2,0,3,2094,0.50,27.07
2,0,0,0,0,2,2,3,2141,0.50,26.88
2,0,3,2,0,0,0,2,2224,0.50,26.71
2,2,0,2,0,0,3,0,2394,0.40,27.09
2,0,0,2,0,0,2,3,2415,0.50,27.04
0,0,0,2,2,2,3,0,2473,0.60,26.71
2,0,0,3,0,2,0,2,2511,0.50,27.07
2,0,2,2,0,0,3,0,2588,0.50,26.85
0,0,2,0,2,0,3,2,2633,0.70,26.93
0,2,0,0,3,2,2,0,2686,0.60,26.92
0,0,2,3,0,0,2,2,2974,0.50,27.22
2,3,2,2,0,0,0,0,301,0.60,26.30
0,3,0,2,0,2,2,0,3110,0.50,27.08
0,0,2,2,3,2,0,0,3132,0.40,27.28
2,0,0,0,3,0,2,2,3141,0.60,27.07
2,0,3,0,2,0,2,0,3408,0.60,27.28
2,0,2,0,2,0,0,3,3565,0.50,27.41
3,2,0,2,2,0,0,0,3701,0.50,27.38
2,0,3,2,0,0,0,2,3815,0.40,27.16
0,2,2,3,2,0,0,0,3900,0.50,27.12
3,2,0,2,0,0,2,0,43,0.40,26.29
2,0,0,2,0,3,2,0,554,0.50,26.48
0,0,0,3,2,0,2,2,562,0.50,26.48
0,2,0,3,0,2,2,0,571,0.40,26.84
0,2,0,2,0,3,2,0,575,0.60,26.54
2,0,0,0,3,2,2,0,613,0.50,26.34
0,0,2,2,0,2,0,3,8,0.49,26.43
0,2,0,0,2,2,2,0,111,0.50,26.45
0,0,0,2,2,0,2,2,1203,0.70,26.64
2,2,0,2,0,2,0,0,1273,0.50,26.57
2,0,0,2,0,2,2,0,1349,0.40,26.75
0,2,2,0,2,0,0,2,1692,0.40,26.81
2,0,0,2,2,2,0,0,1868,0.50,26.85
0,0,0,2,2,0,2,2,1943,0.50,26.94
0,0,0,0,2,2,2,2,1976,0.40,26.78
2,0,2,2,2,0,0,0,2165,0.50,27.13
2,0,2,2,0,2,0,0,220,0.60,26.63
0,0,2,0,2,2,2,0,2396,0.40,26.80
0,0,2,2,2,2,0,0,2550,0.50,26.93
2,2,0,2,2,0,0,0,2601,0.40,26.87
0,2,0,2,2,0,0,2,2726,0.60,27.08
2,0,0,2,0,2,2,0,2743,0.50,26.93
0,0,2,2,0,0,2,2,2825,0.60,26.99
2,2,2,2,0,0,0,0,2834,0.60,26.77
0,2,0,2,2,0,0,2,2880,0.50,26.98
2,0,2,0,0,0,2,2,2919,0.50,26.82
0,2,0,2,2,2,0,0,3104,0.50,27.09
0,0,2,2,0,0,2,2,3214,0.50,27.02
2,0,0,2,2,2,0,0,3226,0.60,27.10
2,0,0,2,0,0,2,2,3251,0.50,27.19
0,0,0,0,2,2,2,2,3376,0.50,27.45
2,2,0,2,0,2,0,0,3417,0.60,27.05
2,0,2,0,0,2,2,0,3449,0.50,27.14
2,2,2,0,2,0,0,0,3563,0.60,27.25
0,2,2,0,2,2,0,0,3707,0.50,27.02
2,2,2,0,0,0,0,2,3933,0.60,27.06
2,2,0,0,0,0,2,2,469,0.50,26.20
0,2,2,0,2,0,2,0,470,0.60,26.35
0,2,0,0,2,0,2,2,709,0.40,26.97
0,2,2,2,0,0,2,0,885,0.60,26.48
0,2,2,2,0,0,0,2,920,0.40,26.53
0,2,2,0,0,2,0,2,940,0.50,26.53
2,0,2,0,0,0,2,2,978,0.50,26.52
0,0,0,3,1,0,3,3,1019,0.80,26.64
0,0,1,0,0,3,3,3,1036,0.50,26.61
0,3,1,0,3,3,0,0,1085,0.60,26.57
0,0,3,0,0,3,1,3,1127,0.50,26.76
3,0,1,3,0,3,0,0,1140,0.50,26.74
0,1,0,3,0,3,0,3,1191,0.50,26.69
3,3,0,0,0,1,3,0,142,0.50,26.49
0,0,0,1,3,3,0,3,1500,0.40,26.58
3,0,0,3,0,0,3,1,1571,0.40,26.74
3,0,1,0,0,0,3,3,1595,0.70,26.77
0,3,3,1,3,0,0,0,1662,0.50,26.72
0,0,3,0,3,3,1,0,1664,0.40,26.91
3,0,1,3,0,3,0,0,1729,0.50,26.76
1,3,0,0,3,0,0,3,1811,0.40,26.77
3,1,0,3,0,0,0,3,1953,0.40,26.86
0,3,0,0,3,3,0,1,1978,0.30,26.62
3,1,3,0,0,3,0,0,1983,0.50,26.52
1,0,0,0,3,3,3,0,2008,0.40,27.16
0,0,3,0,3,1,3,0,2097,0.50,26.80
3,0,0,0,3,1,0,3,2151,0.50,27.11
0,0,0,3,1,0,3,3,2201,0.50,26.95
0,0,0,3,1,3,3,0,2282,0.70,27.02
3,0,0,0,3,0,1,3,2324,0.50,26.89
0,0,0,0,3,3,3,1,2326,0.50,27.04
0,3,0,3,0,3,1,0,2360,0.50,26.98
3,1,0,0,3,0,3,0,2445,0.50,27.20
3,0,0,3,3,1,0,0,2453,0.50,27.08
0,0,3,1,0,0,3,3,2544,0.50,27.04
1,0,0,3,0,3,3,0,2580,0.50,26.73
0,1,0,3,3,0,0,3,260,0.40,26.34
1,3,3,0,3,0,0,0,2745,0.50,27.09
0,3,3,0,0,1,0,3,2770,0.50,26.91
1,3,0,3,0,0,0,3,2821,0.50,26.82
0,0,0,1,0,3,3,3,2849,0.50,27.19
0,3,0,0,0,3,1,3,2950,0.40,27.07
0,3,3,0,1,0,3,0,3105,0.60,27.10
3,0,0,3,1,0,3,0,3274,0.60,27.04
0,1,3,0,3,0,0,3,3294,0.60,26.94
0,0,1,3,0,3,3,0,3308,0.50,27.07
3,0,0,1,0,3,3,0,3377,0.60,27.10
0,3,0,0,3,3,1,0,3574,0.60,27.18
0,3,1,0,0,3,3,0,3578,0.50,27.30
3,1,0,0,3,3,0,0,3638,0.50,27.39
3,3,0,0,3,0,1,0,3649,0.50,27.03
3,0,0,3,1,3,0,0,3752,0.50,27.29
0,0,3,1,3,0,3,0,3770,0.50,27.55
0,1,0,0,3,0,3,3,3885,0.40,27.54
3,0,3,0,1,3,0,0,3914,0.50,27.35
3,0,3,0,0,0,1,3,3974,0.40,27.42
0,0,3,0,3,3,1,0,3981,0.50,27.43
3,1,0,0,0,3,3,0,3983,0.50,27.56
0,3,0,0,0,3,1,3,3997,0.50,27.51
0,0,0,1,3,3,0,3,4034,0.50,27.26
1,3,3,0,0,0,3,0,4075,0.30,27.41
0,1,3,0,3,0,0,3,407,0.40,26.27
3,0,0,0,3,1,0,3,436,0.50,26.58
3,3,3,0,0,0,1,0,525,0.60,26.64
0,0,0,0,3,1,3,3,59,0.70,26.41
0,0,3,1,0,3,0,3,629,0.60,26.48
0,0,0,3,3,3,0,1,740,0.40,26.55
0,0,3,1,0,0,3,3,770,0.60,26.32
0,1,0,3,0,3,3,0,7,0.50,26.43
3,0,3,3,0,0,0,1,851,0.50,26.88
3,1,0,3,0,0,0,3,873,0.40,26.34
3,0,3,1,3,0,0,0,874,0.50,26.58
0,0,0,3,3,1,0,3,899,0.50,26.80
0,1,3,0,0,3,0,3,971,0.50,26.67
0,0,3,1,3,0,3,0,989,0.60,26.62
2,0,1,3,0,3,0,0,1175,0.50,26.69
3,1,2,0,0,0,3,0,1277,0.70,26.84
0,1,0,3,0,2,0,3,1368,0.40,26.67
0,3,0,3,0,0,1,2,1462,0.40,26.87
0,3,0,2,1,0,0,3,1485,0.40,26.70
1,3,0,0,3,0,2,0,1490,0.50,26.98
0,3,0,2,0,1,0,3,1562,0.50,26.99
3,0,3,0,2,0,0,1,1576,0.50,26.81
1,3,0,0,0,2,3,0,1795,0.40,26.78
2,3,0,3,1,0,0,0,1875,0.50,26.97
0,0,0,0,1,2,3,3,1881,0.50,26.56
3,3,0,0,0,0,2,1,1914,0.50,26.67
0,3,3,0,1,2,0,0,1990,0.50,26.87
0,3,0,1,0,3,0,2,2065,0.40,27.12
0,0,1,2,3,0,0,3,2112,0.50,26.93
0,0,3,0,2,3,0,1,2136,0.50,26.89
0,0,0,1,2,0,3,3,2271,0.50,26.76
3,1,0,0,2,0,3,0,2401,0.40,27.06
1,3,3,0,0,0,2,0,2487,0.40,27.25
0,0,0,1,3,2,3,0,2531,0.50,26.83
0,3,2,1,3,0,0,0,2620,0.40,27.05
0,1,0,0,0,3,3,2,2694,0.50,26.98
0,3,0,0,3,0,2,1,2737,0.40,26.92
3,0,1,0,2,0,0,3,289,0.40,26.52
3,1,3,0,0,2,0,0,2918,0.50,27.12
0,0,3,1,0,3,2,0,3042,0.40,26.95
1,0,0,2,0,0,3,3,3071,0.60,27.23
0,3,0,0,0,1,2,3,3244,0.40,27.07
3,0,3,0,0,1,2,0,3262,0.50,27.18
0,0,3,0,0,1,3,2,327,0.50,26.38
0,0,2,0,3,3,0,1,3283,0.50,27.18
0,0,1,3,3,0,2,0,3295,0.50,27.09
0,0,0,3,1,3,0,2,3327,0.60,27.09
0,0,3,0,1,2,0,3,3434,0.60,27.16
1,3,0,2,3,0,0,0,3532,0.50,27.34
3,3,0,0,0,2,1,0,3611,0.50,27.46
3,0,1,2,0,0,0,3,3645,0.60,26.98
0,3,1,2,0,0,3,0,3746,0.70,27.34
0,3,0,0,1,2,0,3,3768,0.50,27.32
2,1,3,0,0,0,3,0,3791,0.50,27.32
1,3,0,3,2,0,0,0,3809,0.50,27.29
3,0,0,0,0,2,3,1,3867,0.50,27.44
0,0,0,3,1,3,0,2,3924,0.50,27.52
0,3,0,2,1,3,0,0,3989,0.50,27.27
3,0,0,0,2,3,1,0,3993,0.60,27.43
2,0,3,0,0,0,1,3,3999,0.40,27.26
0,1,3,0,0,3,0,2,4012,0.50,27.57
0,3,2,3,0,0,1,0,4026,0.50,27.42
3,1,0,0,0,0,2,3,545,0.60,26.36
1,0,0,2,3,0,0,3,589,0.40,26.45
0,0,1,0,0,2,3,3,656,0.50,26.80
3,0,2,1,0,3,0,0,741,0.50,26.35
3,0,0,0,0,1,2,3,753,0.40,26.58
0,0,3,0,0,3,2,1,759,0.40,26.55
3,0,3,0,2,0,0,1,79,0.60,26.60
0,0,3,1,0,0,3,2,805,0.50,26.71
1,3,0,0,0,0,3,2,813,0.50,26.80
0,0,1,0,2,3,0,3,850,0.50,26.79
0,1,3,0,2,0,0,3,917,0.60,26.58
0,0,3,3,0,0,1,2,920,0.50,26.82
1,0,3,2,0,3,0,0,973,0.50,26.52
0,0,1,2,2,0,3,0,1076,0.60,26.66
3,0,2,0,1,0,0,2,1087,0.30,26.59
0,0,3,0,2,0,2,1,1120,0.50,26.51
2,3,0,0,2,0,0,1,1161,0.60,26.64
3,0,1,0,2,0,2,0,1257,0.50,26.56
0,0,0,3,1,2,0,2,143,0.40,26.43
0,2,2,1,0,3,0,0,1442,0.40,26.66
2,2,0,0,3,1,0,0,1461,0.50,26.92
2,0,1,3,2,0,0,0,1503,0.50,26.69
0,0,1,2,0,2,3,0,1514,0.60,26.64
2,0,3,1,0,0,0,2,1535,0.50,26.79
2,0,1,3,0,0,0,2,1638,0.60,26.57
0,0,0,1,3,2,0,2,1723,0.60,26.72
3,0,0,0,1,2,2,0,1732,0.50,26.86
0,0,0,3,2,0,2,1,1774,0.50,26.77
3,0,2,1,0,0,2,0,1853,0.30,26.70
0,2,1,0,3,2,0,0,1891,0.50,26.84
2,1,3,0,0,0,2,0,2096,0.50,26.95
0,0,3,2,0,0,2,1,2164,0.60,26.88
0,2,0,3,2,0,0,1,2308,0.60,27.06
0,3,0,0,2,1,0,2,2493,0.60,27.17
0,1,0,0,3,2,2,0,2570,0.50,27.07
1,0,3,2,0,2,0,0,2833,0.60,27.12
0,2,0,2,1,0,0,3,2886,0.50,27.06
1,3,0,0,2,0,0,2,2940,0.50,27.18
3,0,1,0,0,2,0,2,2957,0.80,27.30
1,0,0,0,2,2,0,3,301,0.40,26.43
0,0,0,3,1,2,2,0,3181,0.50,27.23
2,0,1,0,2,0,3,0,3247,0.60,27.00
0,0,1,2,0,2,0,3,3294,0.50,27.06
0,3,0,2,2,0,0,1,3341,0.50,27.25
0,3,1,2,0,2,0,0,3476,0.50,27.27
0,3,2,2,0,1,0,0,3517,0.50,27.12
3,0,1,0,0,2,0,2,3550,0.50,27.23
2,2,0,3,0,0,0,1,3569,0.60,27.32
3,0,2,0,0,0,1,2,3585,0.50,27.07
0,1,3,2,0,2,0,0,3593,0.40,27.13
2,0,0,3,0,0,2,1,3722,0.50,27.12
0,3,2,2,0,0,0,1,3779,0.60,27.30
0,1,0,0,0,3,2,2,3946,0.60,27.47
2,3,1,0,2,0,0,0,394,0.50,26.42
1,0,0,3,2,2,0,0,3952,0.50,27.40
2,1,2,0,0,0,3,0,4020,0.40,27.33
3,2,0,0,1,2,0,0,407,0.70,26.32
2,0,0,2,3,0,0,1,518,0.60,26.77
0,0,0,2,3,0,2,1,529,0.40,26.39
2,0,2,0,0,1,0,3,593,0.50,26.37
2,0,2,3,1,0,0,0,704,0.50,26.64
1,0,3,0,0,2,0,2,758,0.60,26.66
0,2,2,1,0,0,0,3,811,0.50,26.72
2,2,0,0,0,1,0,2,122,0.50,26.33
0,0,2,2,0,0,1,2,1275,0.50,26.83
2,0,0,0,2,1,2,0,1412,0.60,26.76
2,1,0,0,0,2,0,2,1426,0.50,26.54
1,0,2,0,0,0,2,2,1513,0.50,26.63
1,0,0,2,2,0,0,2,1516,0.50,26.62
0,0,2,2,2,0,1,0,1631,0.50,26.77
0,1,2,0,0,0,2,2,1714,0.60,26.72
0,0,2,0,1,2,0,2,175,0.50,26.30
1,2,0,0,0,0,2,2,1882,0.40,26.64
2,2,0,0,1,0,0,2,2196,0.60,26.85
0,0,0,1,0,2,2,2,2311,0.50,26.79
0,1,0,2,0,0,2,2,2363,0.70,27.14
0,2,1,2,0,2,0,0,2409,0.60,26.86
0,1,0,2,0,2,2,0,2422,0.50,26.89
1,0,0,2,2,0,2,0,2445,0.40,27.01
2,2,0,0,0,2,1,0,2655,0.40,27.16
2,0,2,2,1,0,0,0,2787,0.50,27.14
0,0,0,2,1,2,2,0,2910,0.60,27.11
0,2,2,2,0,0,0,1,293,0.50,26.55
0,2,0,0,2,1,2,0,2976,0.50,26.91
0,1,0,2,2,0,2,0,2991,0.50,26.96
2,2,1,0,2,0,0,0,303,0.40,26.19
0,0,1,2,0,0,2,2,3184,0.50,27.09
0,2,0,2,2,0,0,1,3207,0.50,27.10
0,0,0,1,2,0,2,2,3323,0.60,27.06
0,0,0,2,2,1,0,2,3462,0.50,27.12
0,0,2,2,0,0,1,2,3767,0.50,27.43
1,0,0,2,2,2,0,0,3771,0.50,27.25
0,2,0,0,0,2,2,1,3862,0.40,27.32
2,0,2,2,0,0,0,1,3906,0.70,27.29
2,0,1,0,0,2,2,0,3908,0.50,27.13
2,2,0,0,0,2,0,1,4044,0.50,27.32
0,0,1,2,2,2,0,0,503,0.50,26.30
0,2,0,2,0,2,1,0,570,0.50,26.65
2,2,0,1,0,2,0,0,779,0.40,26.66
2,0,1,2,2,0,0,0,894,0.50,26.45
0,2,2,0,0,0,2,1,960,0.60,26.54
2,2,0,0,2,0,1,0,972,0.80,26.40
1,2,0,0,0,2,0,2,976,0.50,26.58
0,0,0,0,3,3,0,3,100,0.50,26.40
0,0,0,0,3,3,3,0,1130,0.50,26.65
3,0,0,0,3,0,3,0,1214,0.40,26.75
0,3,0,0,0,3,3,0,1218,0.50,26.78
0,0,0,0,3,3,3,0,1419,0.50,26.55
0,3,0,0,3,3,0,0,1629,0.50,26.68
0,0,3,3,3,0,0,0,1651,0.60,26.70
0,0,0,3,0,3,3,0,1856,0.50,26.91
3,0,3,0,0,3,0,0,1884,0.60,26.69
0,3,0,3,3,0,0,0,1903,0.50,26.89
3,3,0,0,0,0,3,0,1929,0.50,26.71
3,0,0,3,3,0,0,0,2096,0.50,26.84
0,0,3,0,0,3,3,0,2108,0.50,26.95
0,0,3,0,3,0,0,3,2136,0.50,26.96
0,0,0,0,0,3,3,3,2232,0.40,27.01
0,0,0,3,0,0,3,3,225,0.50,26.57
3,3,0,0,0,0,3,0,2350,0.50,26.88
3,0,3,0,0,3,0,0,2483,0.60,26.91
3,0,3,0,0,0,3,0,2600,0.50,27.12
0,0,3,0,3,0,3,0,2766,0.40,26.88
3,0,0,0,0,0,3,3,2926,0.50,27.38
0,3,0,3,0,0,3,0,2935,0.60,27.14
0,0,0,0,3,3,0,3,2972,0.70,27.14
0,3,0,0,0,3,0,3,3111,0.50,27.08
3,0,0,0,3,3,0,0,3183,0.40,27.32
0,3,3,0,0,0,3,0,3273,0.60,27.18
0,3,0,0,3,0,0,3,3287,0.60,27.20
0,3,0,3,0,0,0,3,3356,0.60,27.18
3,0,3,0,0,0,3,0,3461,0.50,27.30
0,0,0,3,3,3,0,0,3599,0.60,27.28
3,0,3,0,3,0,0,0,3633,0.60,27.22
0,3,0,0,3,0,3,0,3741,0.50,27.50
0,3,0,0,3,3,0,0,3865,0.40,27.24
0,0,3,0,0,0,3,3,3950,0.50,27.39
3,0,0,0,3,0,0,3,3953,0.40,27.36
0,0,0,3,0,0,3,3,4059,0.60,27.55
3,3,0,3,0,0,0,0,445,0.50,26.18
0,3,0,0,3,0,3,0,605,0.70,26.71
0,3,0,3,3,0,0,0,744,0.60,26.60
0,3,3,3,0,0,0,0,764,0.50,26.43
0,0,3,3,0,0,3,0,791,0.50,26.68
3,3,0,0,0,0,0,3,843,0.50,26.63
0,0,3,0,0,3,0,3,869,0.40,26.55
0,3,0,0,3,0,3,0,914,0.50,26.48
0,3,0,3,0,0,0,3,981,0.60,26.70
0,2,0,0,0,0,3,3,1066,0.50,26.46
0,0,0,0,0,3,2,3,1277,0.50,26.64
0,3,0,0,3,0,0,2,1348,0.50,26.63
0,3,0,0,3,0,0,2,1445,0.50,26.82
0,0,3,0,2,0,3,0,1516,0.50,26.71
0,0,3,0,0,0,3,2,1707,0.50,26.66
0,3,3,0,0,0,2,0,1791,0.50,26.73
0,2,3,0,3,0,0,0,1793,0.60,26.91
0,0,3,0,0,3,2,0,1929,0.40,27.12
3,3,0,0,0,0,0,2,2051,0.50,26.61
0,2,0,0,0,3,3,0,2129,0.50,26.88
3,0,2,0,0,0,0,3,222,0.40,26.55
0,0,2,3,0,0,0,3,2274,0.50,27.13
2,3,0,0,0,0,0,3,230,0.70,26.35
0,3,2,3,0,0,0,0,2437,0.60,26.84
3,3,0,0,2,0,0,0,243,0.30,26.33
0,3,0,2,3,0,0,0,2537,0.50,27.13
2,3,0,0,0,3,0,0,25,0.40,26.11
0,3,0,3,0,0,0,2,2717,0.60,26.97
0,0,0,2,3,3,0,0,285,0.40,26.45
0,3,0,3,0,0,2,0,2969,0.40,27.36
0,3,0,2,0,0,0,3,2980,0.50,27.08
3,3,0,0,2,0,0,0,3000,0.50,27.25
0,0,3,0,0,0,3,2,3142,0.50,27.18
3,0,0,0,3,0,2,0,3152,0.50,27.24
0,3,3,0,0,0,0,2,3224,0.60,27.11
3,2,0,0,0,3,0,0,3306,0.40,27.38
0,3,0,0,0,0,2,3,3313,0.40,27.16
0,3,0,0,0,2,0,3,334,0.50,26.25
0,3,0,2,3,0,0,0,3443,0.50,27.30
0,0,2,3,0,0,0,3,34,0.50,26.43
0,3,0,3,0,2,0,0,3526,0.50,27.46
0,3,0,0,0,3,2,0,3551,0.50,27.33
0,0,3,3,0,0,0,2,3569,0.50,27.30
3,2,0,0,3,0,0,0,3602,0.50,27.16
2,3,0,0,0,3,0,0,3606,0.40,27.31
0,3,0,0,2,0,0,3,3836,0.50,27.48
0,0,3,0,0,3,0,2,3873,0.50,27.44
3,0,0,0,0,0,2,3,3890,0.60,27.25
3,0,0,0,2,0,3,0,4096,0.60,27.23
0,3,0,0,2,0,0,3,467,0.50,26.39
0,0,3,2,0,0,3,0,469,0.60,26.40
3,2,0,0,0,0,3,0,493,0.50,26.49
3,0,3,0,2,0,0,0,588,0.50,26.43
3,0,0,0,2,0,0,3,615,0.50,26.57
3,0,3,2,0,0,0,0,705,0.50,26.43
0,0,2,0,3,0,0,3,948,0.40,26.55
0,0,2,0,3,0,3,0,966,0.60,26.43
0,0,2,0,3,2,0,0,1132,0.60,26.49
2,0,0,0,0,0,2,3,117,0.50,26.47
0,2,0,0,0,3,0,2,1197,0.60,26.56
0,2,3,0,2,0,0,0,1318,0.50,26.60
3,0,0,0,0,2,0,2,1507,0.40,26.74
2,0,3,0,0,0,0,2,1727,0.50,26.70
0,2,0,0,2,0,0,3,1846,0.50,26.87
3,0,2,2,0,0,0,0,1865,0.40,27.07
3,2,0,0,0,2,0,0,1956,0.60,26.83
0,0,0,0,2,0,3,2,2058,0.40,26.99
2,0,0,0,0,2,3,0,2119,0.60,26.79
0,0,0,3,0,0,2,2,2127,0.40,26.80
2,0,0,0,3,0,0,2,215,0.50,26.54
0,0,2,3,0,0,0,2,2220,0.50,26.71
0,0,0,3,0,2,0,2,2273,0.40,26.93
2,0,2,0,3,0,0,0,2302,0.50,26.94
0,0,0,2,0,2,3,0,2370,0.50,27.14
0,2,0,2,3,0,0,0,2588,0.40,27.03
0,3,0,0,2,0,0,2,3023,0.50,27.13
0,0,3,2,0,0,0,2,3039,0.50,26.97
0,0,0,2,0,3,0,2,3057,0.50,27.35
0,2,0,2,3,0,0,0,3088,0.40,27.18
0,0,3,0,0,0,2,2,3325,0.60,27.33
0,0,2,0,3,0,2,0,3388,0.60,27.03
0,2,0,0,0,2,0,3,3462,0.60,27.23
0,0,3,0,2,2,0,0,34,0.50,26.37
2,0,0,0,0,2,3,0,3523,0.40,27.36
0,2,0,3,2,0,0,0,3713,0.50,27.59
2,0,3,2,0,0,0,0,3767,0.60,27.36
0,0,3,2,0,0,2,0,377,0.50,26.19
0,0,0,0,3,2,0,2,3858,0.50,27.57
2,0,3,0,2,0,0,0,3972,0.60,27.34
0,0,3,0,0,2,2,0,4022,0.50,27.44
0,0,0,0,0,3,2,2,742,0.60,26.62
0,0,0,2,3,0,0,2,935,0.40,26.63
2,0,0,0,0,2,2,0,1002,0.60,26.41
0,2,0,0,0,0,2,2,1120,0.60,26.61
0,0,0,0,2,2,2,0,1166,0.60,26.75
0,2,2,0,0,0,0,2,1201,0.50,26.76
2,2,0,0,0,2,0,0,1312,0.50,26.80
0,0,0,0,2,0,2,2,1387,0.50,26.52
0,2,0,0,0,2,0,2,1681,0.60,26.64
2,0,2,0,0,0,0,2,1892,0.50,26.82
2,0,0,0,0,2,0,2,1901,0.50,26.70
2,0,0,0,2,2,0,0,2026,0.50,26.69
0,0,2,2,0,2,0,0,2127,0.40,27.02
2,0,0,2,0,0,0,2,2228,0.50,26.91
0,0,0,0,2,2,0,2,2381,0.40,26.84
2,0,0,2,0,2,0,0,2395,0.50,26.98
0,2,0,2,0,0,0,2,2489,0.50,27.12
2,0,0,0,0,2,2,0,2608,0.50,27.13
2,0,2,0,0,2,0,0,2663,0.50,26.96
2,2,0,0,0,0,2,0,2705,0.60,27.00
0,0,0,2,0,2,0,2,2717,0.50,27.22
0,2,0,0,2,0,2,0,2744,0.60,27.09
0,0,0,2,0,0,2,2,2775,0.50,27.00
0,0,2,0,2,0,2,0,2858,0.50,26.62
0,0,0,2,2,2,0,0,2909,0.50,27.02
0,0,2,2,0,2,0,0,2937,0.60,26.85
0,2,0,0,2,2,0,0,3035,0.40,26.91
2,0,0,2,0,0,2,0,3109,0.50,26.85
2,2,0,0,0,0,0,2,3149,0.60,26.95
0,0,0,0,2,0,2,2,3195,0.50,26.89
2,2,0,0,0,0,2,0,3346,0.50,27.32
0,2,0,2,0,0,0,2,3463,0.50,27.26
0,0,2,0,0,2,2,0,3567,0.70,27.12
0,0,2,2,0,0,2,0,3626,0.60,27.25
0,2,0,0,2,0,0,2,3655,0.60,27.07
2,2,0,0,0,0,2,0,3714,0.40,27.28
2,0,2,0,0,0,2,0,3830,0.60,27.18
0,2,2,0,0,0,0,2,3887,0.50,27.23
0,2,0,2,2,0,0,0,533,0.50,26.62
0,0,0,0,2,0,2,2,926,0.50,26.50
0,0,1,3,3,0,0,0,1049,0.50,26.58
1,3,0,3,0,0,0,0,1313,0.60,26.71
1,0,3,0,0,3,0,0,1421,0.50,26.60
3,0,0,3,0,1,0,0,1515,0.50,26.63
0,0,0,1,0,0,3,3,1574,0.60,26.84
1,0,0,3,0,3,0,0,1774,0.50,27.09
0,0,3,3,0,0,0,1,1838,0.40,26.77
0,0,3,0,3,1,0,0,1917,0.40,26.87
0,0,3,3,0,1,0,0,1961,0.50,26.73
0,1,0,3,0,0,3,0,1963,0.40,27.16
0,0,1,0,0,3,0,3,1967,0.40,26.79
0,3,0,3,1,0,0,0,1981,0.40,26.84
3,0,0,1,0,3,0,0,1996,0.60,26.99
0,0,3,0,1,0,0,3,2075,0.60,26.74
1,3,0,0,3,0,0,0,2145,0.50,27.04
3,0,0,1,0,0,0,3,2174,0.50,26.88
3,0,3,0,1,0,0,0,2200,0.40,26.92
0,3,0,0,0,3,1,0,2260,0.50,26.87
0,3,3,0,0,0,1,0,2296,0.60,26.99
1,0,0,3,3,0,0,0,2341,0.50,26.87
1,0,0,0,0,0,3,3,2364,0.40,26.87
3,0,3,0,0,1,0,0,2389,0.70,26.82
0,0,0,1,3,3,0,0,250,0.50,26.34
0,1,3,3,0,0,0,0,2538,0.60,26.91
1,0,3,0,3,0,0,0,2614,0.50,27.27
0,3,0,3,0,0,0,1,2625,0.40,26.91
3,0,0,3,0,0,0,1,2667,0.50,26.94
0,3,0,0,0,0,3,1,282,0.50,26.41
0,0,0,0,3,3,0,1,2870,0.40,27.21
0,3,3,0,0,0,1,0,3030,0.50,27.14
3,0,1,3,0,0,0,0,3049,0.60,27.23
0,0,0,0,0,1,3,3,3112,0.50,27.13
0,3,1,3,0,0,0,0,3114,0.40,26.91
0,0,3,3,0,1,0,0,3115,0.50,27.08
0,0,0,0,3,3,1,0,3274,0.60,27.31
0,3,0,0,0,0,1,3,3356,0.50,26.99
0,3,3,0,0,0,0,1,3359,0.50,27.25
3,0,0,0,0,0,1,3,3534,0.50,27.16
0,3,0,3,0,0,1,0,3606,0.60,27.25
1,0,0,3,0,3,0,0,363,0.60,26.38
0,3,0,0,1,0,0,3,3667,0.70,27.34
3,1,3,0,0,0,0,0,3911,0.50,27.33
0,0,0,3,0,3,1,0,443,0.50,26.62
0,3,0,1,3,0,0,0,470,0.50,26.32
0,0,0,1,3,3,0,0,491,0.60,26.43
0,0,0,1,0,0,3,3,503,0.60,26.59
3,0,0,0,1,0,0,3,562,0.50,26.63
3,1,3,0,0,0,0,0,648,0.50,26.76
3,0,0,1,3,0,0,0,664,0.60,26.39
0,3,0,0,0,0,3,1,872,0.50,26.70
1,0,0,3,3,0,0,0,935,0.50,26.74
0,0,0,1,3,3,0,0,996,0.60,26.75
0,1,0,0,2,3,0,0,1058,0.50,26.82
0,1,2,0,0,3,0,0,1151,0.30,26.66
2,0,0,0,3,1,0,0,119,0.50,26.57
0,0,0,1,0,2,3,0,1598,0.70,26.62
0,0,2,1,0,3,0,0,1740,0.30,27.00
0,0,0,3,0,1,2,0,1794,0.40,27.10
3,0,0,0,1,0,0,2,1950,0.60,26.89
0,2,0,0,0,1,3,0,2069,0.40,27.00
0,3,1,2,0,0,0,0,2277,0.60,26.95
1,0,0,0,0,0,3,2,2293,0.60,26.88
3,1,0,2,0,0,0,0,2346,0.50,26.90
0,1,0,0,2,0,3,0,2370,0.60,26.92
3,0,0,0,1,2,0,0,2405,0.50,26.79
0,3,0,0,0,2,0,1,2415,0.60,27.20
0,2,0,1,0,0,0,3,2538,0.50,27.13
3,0,0,0,0,2,0,1,2636,0.40,26.98
3,1,2,0,0,0,0,0,2688,0.60,26.99
2,0,1,0,0,0,3,0,2750,0.60,26.88
0,0,2,1,0,3,0,0,2922,0.50,26.96
0,3,0,2,0,0,1,0,296,0.50,26.48
0,0,1,0,0,0,2,3,3009,0.50,27.19
0,0,1,0,0,0,2,3,3013,0.40,27.17
0,0,0,1,3,0,2,0,3062,0.50,27.04
0,0,2,1,0,3,0,0,3157,0.60,27.03
0,0,2,1,0,0,3,0,3223,0.50,27.43
1,0,2,0,0,0,0,3,3265,0.50,27.46
0,1,2,3,0,0,0,0,3275,0.60,27.31
0,3,1,0,0,0,2,0,3345,0.60,27.14
0,3,2,0,0,0,0,1,3346,0.50,27.20
1,2,0,0,0,0,3,0,3433,0.50,27.39
0,0,0,3,0,2,1,0,3482,0.50,27.54
0,1,3,0,0,2,0,0,3577,0.60,27.24
0,1,2,0,0,0,3,0,3872,0.60,27.43
0,0,2,0,1,3,0,0,4041,0.40,27.24
1,0,3,0,0,0,2,0,4067,0.40,27.55
3,0,0,2,0,0,0,1,511,0.50,26.51
0,0,0,0,0,2,3,1,541,0.50,26.70
0,0,3,0,0,1,2,0,580,0.40,26.50
0,2,1,0,0,0,3,0,7,0.40,26.37
0,0,0,1,3,0,2,0,843,0.50,26.79
1,0,0,0,0,0,2,3,918,0.40,26.50
3,0,0,0,0,2,0,1,970,0.60,26.49
0,0,0,2,0,1,3,0,982,0.40,26.92
1,0,0,0,2,0,0,2,1106,0.50,26.82
0,0,2,2,0,1,0,0,1108,0.50,26.76
0,2,2,1,0,0,0,0,1127,0.40,26.52
2,0,0,0,0,1,2,0,1211,0.50,26.72
0,2,0,0,1,2,0,0,1236,0.50,26.77
0,0,2,0,1,0,0,2,1314,0.60,26.62
0,0,0,2,2,0,1,0,1421,0.40,26.69
0,1,0,0,2,0,0,2,1486,0.60,26.71
0,1,0,2,0,0,2,0,1609,0.40,26.55
0,1,2,2,0,0,0,0,189,0.60,26.68
0,0,0,2,2,0,1,0,1952,0.60,26.70
0,2,2,0,1,0,0,0,2046,0.40,26.71
0,0,2,1,0,0,2,0,2147,0.60,26.84
2,0,0,0,0,0,2,1,220,0.60,26.63
0,0,2,1,0,2,0,0,2221,0.60,26.88
1,0,2,0,2,0,0,0,2360,0.40,27.18
2,0,1,2,0,0,0,0,2614,0.60,27.14
2,0,0,2,0,1,0,0,2641,0.50,26.73
0,0,2,2,0,0,0,1,2713,0.40,26.93
2,2,0,1,0,0,0,0,2793,0.50,26.85
0,0,0,0,0,2,1,2,2953,0.60,26.86
0,1,0,2,2,0,0,0,2961,0.50,27.03
2,0,0,2,0,0,1,0,3044,0.50,27.06
0,0,1,2,2,0,0,0,3077,0.40,26.83
2,0,0,0,2,1,0,0,3399,0.50,27.25
0,2,2,0,0,0,0,1,3529,0.50,27.10
0,0,0,0,1,2,0,2,3609,0.70,26.84
0,0,2,0,2,0,0,1,3639,0.40,27.16
2,1,0,0,2,0,0,0,3755,0.40,27.19
0,2,2,0,0,0,1,0,3931,0.50,27.24
2,1,0,0,2,0,0,0,4037,0.50,27.30
0,0,1,0,0,2,0,2,4087,0.50,27.29
2,1,0,0,0,0,0,2,520,0.60,26.67
2,1,0,0,0,2,0,0,525,0.50,26.42
2,0,0,0,0,1,2,0,538,0.60,26.52
2,1,0,0,0,0,2,0,922,0.40,26.60
3,0,0,0,0,0,0,3,1117,0.50,26.53
0,0,0,3,0,3,0,0,1238,0.50,26.65
0,0,0,0,3,0,0,3,144,0.40,26.56
0,3,3,0,0,0,0,0,1497,0.50,26.83
0,0,3,0,0,0,3,0,1501,0.60,26.76
0,0,3,3,0,0,0,0,1656,0.60,26.87
0,0,0,3,0,0,3,0,1669,0.50,26.82
3,0,0,0,3,0,0,0,1717,0.40,26.89
0,0,3,0,3,0,0,0,1748,0.50,26.79
0,0,0,0,0,3,3,0,1760,0.60,26.91
3,0,0,0,0,0,3,0,2052,0.50,26.59
3,0,3,0,0,0,0,0,2110,0.60,27.19
0,0,3,0,0,0,0,3,2137,0.50,26.84
0,0,3,0,0,0,3,0,2172,0.50,26.98
0,0,0,0,3,3,0,0,2183,0.40,27.24
0,3,0,0,3,0,0,0,2231,0.40,26.87
0,0,3,3,0,0,0,0,2315,0.50,26.68
0,0,3,0,0,0,3,0,2388,0.50,27.14
0,0,0,0,0,3,3,0,2428,0.30,27.21
0,3,3,0,0,0,0,0,2450,0.40,26.71
0,0,3,0,0,0,0,3,2660,0.50,26.88
0,3,0,0,0,3,0,0,2812,0.50,27.27
0,0,0,0,3,0,0,3,286,0.50,26.45
3,0,0,0,3,0,0,0,2921,0.50,27.25
3,0,0,0,3,0,0,0,2947,0.50,27.11
0,0,3,0,0,0,0,3,3050,0.50,27.31
3,0,0,0,0,0,3,0,3128,0.60,27.04
0,0,0,3,0,0,0,3,3198,0.60,27.12
0,0,3,0,0,0,3,0,31,0.60,26.30
0,0,0,0,3,3,0,0,3204,0.50,27.19
0,0,0,0,3,0,3,0,3254,0.60,27.19
3,0,0,0,0,0,3,0,3334,0.50,26.96
0,0,0,0,0,3,0,3,3428,0.50,27.12
0,0,0,3,0,3,0,0,3654,0.50,27.20
0,0,3,0,0,0,0,3,3755,0.40,27.14
0,0,3,0,0,0,3,0,3762,0.40,27.27
0,0,0,3,0,3,0,0,3903,0.50,27.16
3,0,0,0,0,0,3,0,3927,0.60,27.49
0,0,0,3,0,3,0,0,3956,0.60,27.31
3,0,0,0,0,0,3,0,3999,0.50,27.59
0,0,0,0,3,0,3,0,511,0.50,26.24
0,0,0,3,0,0,0,3,697,0.60,26.37
0,0,0,0,3,3,0,0,759,0.50,26.95
0,0,0,0,3,0,3,0,856,0.50,26.58
0,0,3,0,0,0,3,0,869,0.70,26.45
0,0,0,2,0,0,0,3,1074,0.50,26.88
2,0,0,0,0,3,0,0,1178,0.50,26.75
0,0,0,3,0,0,0,2,1211,0.50,26.56
0,0,0,0,3,0,2,0,1307,0.40,26.47
0,0,0,0,3,2,0,0,1340,0.50,26.68
0,2,3,0,0,0,0,0,1350,0.40,26.64
2,0,0,0,0,3,0,0,1548,0.50,26.66
0,0,0,0,2,3,0,0,165,0.60,26.52
0,2,0,3,0,0,0,0,1739,0.50,26.70
2,0,0,0,3,0,0,0,1778,0.50,26.84
2,0,0,0,0,3,0,0,1819,0.60,26.86
2,0,0,0,0,0,3,0,1921,0.40,26.91
0,0,3,2,0,0,0,0,2148,0.40,26.62
3,0,0,0,0,0,2,0,2151,0.40,27.11
0,0,0,2,3,0,0,0,2338,0.40,27.00
0,0,0,3,2,0,0,0,2349,0.50,26.99
0,0,0,2,3,0,0,0,2506,0.40,26.82
0,0,0,3,0,0,0,2,2612,0.40,27.02
0,2,0,0,3,0,0,0,2831,0.40,27.16
2,0,0,3,0,0,0,0,2914,0.60,27.20
0,2,0,0,0,3,0,0,3117,0.60,27.10
0,0,0,0,2,0,3,0,3222,0.60,27.38
0,0,0,0,0,2,3,0,3269,0.50,27.06
0,0,0,0,0,3,2,0,3277,0.40,27.32
0,0,0,0,0,2,3,0,346,0.50,26.64
0,0,3,0,2,0,0,0,3500,0.50,27.37
3,0,0,0,2,0,0,0,3588,0.60,27.24
0,2,3,0,0,0,0,0,3828,0.50,27.26
0,0,0,0,0,3,0,2,3840,0.50,27.28
0,2,0,0,0,0,0,3,3893,0.40,27.57
0,0,0,3,0,2,0,0,3974,0.60,27.18
0,0,0,2,0,3,0,0,540,0.60,26.53
0,0,0,0,0,2,0,3,603,0.60,26.73
3,0,0,0,2,0,0,0,708,0.50,26.45
0,3,2,0,0,0,0,0,834,0.50,26.56
0,0,0,2,3,0,0,0,870,0.60,26.61
2,0,0,0,0,0,0,2,1108,0.60,26.69
2,0,0,2,0,0,0,0,1313,0.50,26.48
0,2,2,0,0,0,0,0,1548,0.40,26.45
0,0,2,0,0,0,0,2,1668,0.60,26.95
0,0,0,0,2,0,0,2,1689,0.40,26.75
0,2,2,0,0,0,0,0,1763,0.50,26.66
0,0,2,0,0,2,0,0,180,0.40,26.29
0,0,0,2,2,0,0,0,1850,0.60,26.68
2,2,0,0,0,0,0,0,2125,0.40,26.68
2,0,0,0,0,2,0,0,2721,0.60,26.78
0,2,0,0,0,0,2,0,3039,0.50,27.06
0,0,2,2,0,0,0,0,312,0.60,26.50
0,0,0,0,0,2,2,0,3186,0.60,26.98
2,2,0,0,0,0,0,0,3324,0.40,27.21
0,2,0,0,0,0,2,0,3448,0.50,27.02
2,2,0,0,0,0,0,0,3469,0.30,27.12
0,2,2,0,0,0,0,0,3554,0.50,27.21
0,0,0,0,0,0,2,2,3688,0.50,27.30
0,0,2,0,0,2,0,0,3718,0.50,27.20
0,0,0,0,0,0,2,2,3860,0.60,27.26
0,2,0,0,0,0,2,0,4008,0.50,27.24
0,0,0,0,0,2,0,2,4074,0.60,27.19
0,0,0,2,2,0,0,0,544,0.60,26.72
0,0,0,2,2,0,0,0,557,0.50,26.58
0,0,2,0,2,0,0,0,57,0.50,26.36
0,2,0,0,0,2,0,0,610,0.40,26.55
0,0,0,0,2,0,0,2,78,0.60,26.57
0,0,2,0,0,0,0,2,948,0.60,26.83
2,0,0,0,0,0,2,0,96,0.50,26.08
2,0,2,0,0,0,0,0,974,0.40,26.50
0,0,3,0,0,1,0,0,1051,0.50,26.60
3,0,0,0,0,1,0,0,1230,0.50,26.56
0,0,0,0,0,0,1,3,1253,0.50,26.79
0,0,0,0,0,3,0,1,1261,0.40,26.79
0,1,0,0,0,0,3,0,1274,0.50,26.59
0,0,0,1,0,0,0,3,1420,0.60,26.62
0,0,1,3,0,0,0,0,1511,0.50,26.72
0,0,1,0,0,3,0,0,1630,0.50,26.77
3,0,0,0,0,1,0,0,1889,0.60,27.08
0,3,0,0,0,0,0,1,1897,0.60,26.71
0,0,1,0,0,0,0,3,197,0.60,26.50
3,0,1,0,0,0,0,0,2007,0.50,26.70
0,0,1,0,0,3,0,0,2064,0.40,26.82
3,0,0,0,0,0,0,1,2085,0.50,26.78
0,0,3,0,0,0,1,0,2128,0.40,27.16
1,0,3,0,0,0,0,0,2181,0.30,26.93
3,0,0,1,0,0,0,0,2229,0.50,26.84
3,0,1,0,0,0,0,0,2243,0.40,26.85
1,3,0,0,0,0,0,0,2260,0.50,27.00
1,0,0,0,0,0,3,0,2375,0.50,27.14
0,0,3,0,1,0,0,0,2502,0.50,26.99
0,0,3,0,0,0,1,0,2703,0.50,27.18
3,0,0,0,0,0,1,0,2715,0.50,26.92
0,0,1,3,0,0,0,0,2790,0.60,26.98
0,0,3,0,0,0,0,1,2816,0.50,26.99
0,1,0,0,3,0,0,0,2936,0.50,27.03
0,3,0,1,0,0,0,0,3069,0.50,27.12
0,0,1,0,0,3,0,0,3088,0.60,27.13
1,0,0,0,0,3,0,0,3129,0.60,27.24
0,1,0,0,0,0,3,0,3166,0.50,27.08
0,0,1,0,0,0,0,3,3244,0.50,27.07
0,0,0,0,3,0,1,0,3349,0.50,27.12
0,0,0,1,0,3,0,0,3414,0.60,27.33
0,0,0,3,0,0,1,0,3450,0.60,27.44
3,0,0,0,0,0,1,0,3505,0.50,27.12
1,0,0,3,0,0,0,0,3563,0.50,27.17
0,0,0,1,0,0,0,3,3637,0.40,27.31
3,0,0,0,0,0,0,1,3646,0.60,27.38
0,0,0,0,0,3,1,0,3727,0.40,27.20
0,0,0,0,0,1,3,0,3746,0.50,27.53
1,0,0,0,3,0,0,0,3810,0.50,27.34
0,0,0,0,0,3,1,0,3955,0.50,27.10
0,0,0,0,0,0,1,3,4000,0.50,27.23
0,1,3,0,0,0,0,0,4025,0.60,27.28
0,0,0,0,1,0,3,0,4029,0.70,27.23
0,0,0,3,1,0,0,0,406,0.50,26.41
0,1,3,0,0,0,0,0,410,0.50,26.50
0,3,1,0,0,0,0,0,533,0.40,26.66
0,0,0,0,1,3,0,0,777,0.40,26.65
0,1,0,3,0,0,0,0,826,0.60,26.40
3,0,0,1,0,0,0,0,876,0.40,26.79
0,0,0,0,0,1,0,3,968,0.50,26.43
0,1,0,0,0,0,0,2,108,0.50,26.42
0,0,0,0,2,0,1,0,1130,0.50,26.77
1,0,0,0,0,0,2,0,1139,0.60,26.62
0,0,1,2,0,0,0,0,1141,0.60,26.68
0,0,0,0,1,0,0,2,1201,0.50,26.69
1,0,0,0,0,0,2,0,1233,0.40,26.72
0,0,0,1,0,0,0,2,1258,0.60,26.70
0,0,0,0,2,1,0,0,1290,0.60,26.46
2,0,0,0,0,0,0,1,1379,0.49,26.75
0,0,1,0,0,0,2,0,1416,0.40,26.52
2,0,0,0,0,0,0,1,141,0.60,26.11
0,0,0,2,0,0,1,0,1436,0.50,27.02
0,0,0,0,0,2,1,0,1621,0.50,26.89
1,0,0,0,0,0,0,2,1698,0.40,26.77
0,0,1,0,2,0,0,0,1715,0.50,26.84
0,0,0,0,0,2,1,0,191,0.50,26.37
0,2,1,0,0,0,0,0,2001,0.50,26.80
0,0,0,2,1,0,0,0,2062,0.60,26.86
0,0,0,0,0,0,2,1,2216,0.50,26.95
0,0,0,2,0,0,0,1,2221,0.50,26.89
0,0,1,0,0,0,2,0,2349,0.40,27.06
0,0,0,0,0,0,2,1,2420,0.50,27.00
0,0,0,1,0,0,0,2,2477,0.70,26.93
0,0,0,2,0,1,0,0,2528,0.50,27.07
0,2,0,1,0,0,0,0,2651,0.40,26.90
0,0,2,0,0,0,0,1,2658,0.50,27.14
0,0,1,0,2,0,0,0,2699,0.50,27.21
0,1,2,0,0,0,0,0,2709,0.50,27.13
0,0,0,2,0,0,1,0,2748,0.50,27.21
1,0,0,0,2,0,0,0,277,0.40,26.29
0,0,1,0,0,0,2,0,2900,0.60,27.34
2,0,0,1,0,0,0,0,294,0.50,26.54
1,0,0,0,0,0,0,2,2981,0.40,26.87
0,0,0,0,1,2,0,0,3014,0.50,26.99
2,0,0,0,0,0,0,1,3094,0.70,27.20
0,0,1,2,0,0,0,0,3237,0.50,27.13
0,0,0,0,0,2,0,1,328,0.50,26.31
1,0,0,0,0,2,0,0,3291,0.60,27.14
0,0,0,0,1,0,0,2,3339,0.40,27.35
0,0,0,1,2,0,0,0,3402,0.50,27.16
0,2,1,0,0,0,0,0,3449,0.30,27.31
0,2,0,0,0,0,0,1,3500,0.30,27.21
2,0,0,0,0,0,1,0,353,0.60,26.19
1,0,0,0,0,2,0,0,3565,0.50,27.42
0,2,0,0,0,0,0,1,3595,0.50,26.98
0,0,0,2,0,1,0,0,3624,0.40,27.23
0,0,1,0,0,0,2,0,3960,0.60,27.36
0,0,0,0,1,0,0,2,3982,0.50,27.22
1,2,0,0,0,0,0,0,404,0.50,26.60
1,0,0,0,0,0,0,2,813,0.50,26.39
0,0,0,0,0,3,0,0,102,0.60,26.27
3,0,0,0,0,0,0,0,1051,0.50,26.44
0,0,0,0,0,3,0,0,1153,0.50,26.78
0,0,0,0,0,3,0,0,1174,0.60,26.80
3,0,0,0,0,0,0,0,1473,0.40,26.66
0,0,0,0,3,0,0,0,1971,0.70,26.94
0,0,0,0,0,0,3,0,2026,0.50,26.77
0,3,0,0,0,0,0,0,2096,0.50,26.77
0,0,3,0,0,0,0,0,2152,0.60,26.78
0,0,0,0,0,0,3,0,2267,0.40,26.80
3,0,0,0,0,0,0,0,2270,0.50,27.10
0,0,0,0,3,0,0,0,2425,0.50,26.94
3,0,0,0,0,0,0,0,242,0.50,26.61
0,0,0,0,0,0,3,0,2495,0.60,26.73
0,0,0,0,0,3,0,0,2516,0.50,27.05
0,0,0,0,0,3,0,0,262,0.60,26.30
0,3,0,0,0,0,0,0,2707,0.30,27.27
0,0,0,3,0,0,0,0,2848,0.50,27.21
0,3,0,0,0,0,0,0,2968,0.50,27.23
0,0,3,0,0,0,0,0,3098,0.50,27.23
0,0,0,0,0,0,3,0,3138,0.60,27.31
0,0,0,0,0,0,3,0,3498,0.50,27.32
0,0,0,3,0,0,0,0,3528,0.50,27.19
3,0,0,0,0,0,0,0,3651,0.60,27.11
0,0,0,0,0,0,0,3,3887,0.50,27.07
0,0,3,0,0,0,0,0,4006,0.50,27.40
0,3,0,0,0,0,0,0,4030,0.40,27.35
0,0,3,0,0,0,0,0,4086,0.40,27.55
0,0,3,0,0,0,0,0,480,0.50,26.48
0,0,3,0,0,0,0,0,489,0.60,26.54
0,0,0,0,0,0,3,0,551,0.50,26.62
0,0,0,0,0,0,3,0,574,0.50,26.22
0,0,3,0,0,0,0,0,576,0.70,26.51
0,0,0,0,0,0,0,3,634,0.50,26.61
0,0,0,0,3,0,0,0,799,0.40,26.41
3,0,0,0,0,0,0,0,918,0.50,26.67
2,0,0,0,0,0,0,0,1064,0.40,26.79
2,0,0,0,0,0,0,0,1087,0.50,26.69
0,0,0,0,0,0,2,0,1097,0.50,26.79
0,0,0,2,0,0,0,0,1119,0.40,26.53
0,0,0,0,0,0,2,0,1125,0.50,26.59
0,0,2,0,0,0,0,0,115,0.50,26.30
0,0,0,0,0,0,0,2,1471,0.50,26.74
0,0,0,2,0,0,0,0,1657,0.50,26.86
0,0,0,2,0,0,0,0,1699,0.30,26.94
0,0,0,0,0,0,0,2,17,0.40,26.37
0,0,0,0,0,0,2,0,1864,0.40,26.78
0,0,0,2,0,0,0,0,2071,0.50,26.67
0,0,0,0,0,0,0,2,211,0.50,26.36
0,0,0,2,0,0,0,0,2321,0.50,27.08
2,0,0,0,0,0,0,0,2409,0.60,26.79
0,0,0,0,0,0,0,2,2458,0.40,27.02
0,0,0,0,2,0,0,0,2667,0.50,26.85
0,0,0,2,0,0,0,0,2686,0.40,26.97
0,0,0,0,2,0,0,0,2697,0.60,26.99
0,0,0,2,0,0,0,0,2837,0.50,27.01
2,0,0,0,0,0,0,0,2861,0.50,27.01
2,0,0,0,0,0,0,0,2927,0.50,26.99
0,0,0,0,2,0,0,0,3000,0.50,26.94
0,0,0,2,0,0,0,0,3044,0.50,26.82
0,0,0,0,2,0,0,0,3225,0.50,27.25
0,0,0,2,0,0,0,0,3274,0.40,27.00
0,0,0,0,0,0,2,0,3383,0.40,27.19
0,0,0,2,0,0,0,0,3520,0.50,27.10
0,0,0,0,0,0,0,2,3556,0.50,27.09
0,0,0,0,0,0,2,0,378,0.40,26.57
0,0,2,0,0,0,0,0,3917,0.40,27.14
0,0,0,0,2,0,0,0,3927,0.60,27.20
0,0,0,0,0,0,0,2,3958,0.50,27.27
0,0,0,0,2,0,0,0,4018,0.50,27.02
0,0,0,0,0,0,0,2,467,0.50,26.56
0,0,0,0,0,0,0,2,474,0.60,26.42
0,2,0,0,0,0,0,0,493,0.60,26.36
0,0,0,0,0,0,2,0,633,0.50,26.47
0,0,0,0,0,2,0,0,694,0.50,26.54
0,0,0,0,0,0,0,2,806,0.50,26.52
0,0,0,0,0,0,2,0,863,0.50,26.57
0,0,0,0,0,0,0,2,869,0.60,26.57
0,0,0,0,0,2,0,0,896,0.50,26.48
0,0,0,0,1,0,0,0,1258,0.50,26.60
0,0,1,0,0,0,0,0,1359,0.50,26.40
0,0,0,0,0,0,1,0,1413,0.50,26.71
0,1,0,0,0,0,0,0,1455,0.50,26.64
0,0,0,0,1,0,0,0,1506,0.50,26.60
0,0,0,0,0,0,0,1,1579,0.50,26.66
0,0,0,1,0,0,0,0,1787,0.50,26.84
0,0,1,0,0,0,0,0,1836,0.60,26.49
0,0,1,0,0,0,0,0,197,0.50,26.29
0,1,0,0,0,0,0,0,2013,0.50,26.79
0,0,0,0,0,0,1,0,2061,0.50,26.61
0,0,0,0,0,0,1,0,216,0.40,26.48
0,0,1,0,0,0,0,0,2263,0.50,26.96
0,0,1,0,0,0,0,0,2384,0.40,26.73
0,0,0,0,1,0,0,0,2474,0.60,26.93
1,0,0,0,0,0,0,0,2638,0.50,26.85
0,0,1,0,0,0,0,0,2689,0.50,26.86
1,0,0,0,0,0,0,0,3223,0.50,26.77
0,0,0,0,0,0,1,0,3244,0.50,26.71
0,0,0,0,0,0,0,1,3387,0.50,26.62
0,0,0,0,0,0,1,0,3440,0.40,26.87
1,0,0,0,0,0,0,0,3609,0.50,26.84
0,0,0,0,0,0,1,0,3644,0.60,27.04
0,0,0,0,1,0,0,0,3687,0.40,26.96
0,1,0,0,0,0,0,0,3804,0.70,26.50
0,0,1,0,0,0,0,0,3906,0.50,27.12
0,1,0,0,0,0,0,0,489,0.50,26.55
0,0,0,0,0,0,1,0,640,0.60,26.48
0,0,0,1,0,0,0,0,689,0.50,26.37
0,0,0,0,0,0,1,0,758,0.60,26.60
0,0,0,0,0,0,1,0,815,0.50,26.52
0,0,1,0,0,0,0,0,995,0.40,26.57
0,0,0,0,0,0,0,0,1062,0.50,26.30
0,0,0,0,0,0,0,0,11,0.50,26.51
0,0,0,0,0,0,0,0,1203,0.40,26.45
0,0,0,0,0,0,0,0,1255,0.50,26.53
0,0,0,0,0,0,0,0,126,0.60,26.40
0,0,0,0,0,0,0,0,1271,0.50,26.51
0,0,0,0,0,0,0,0,1367,0.60,26.44
0,0,0,0,0,0,0,0,1502,0.90,26.74
0,0,0,0,0,0,0,0,1597,0.50,26.80
0,0,0,0,0,0,0,0,1672,0.50,26.78
0,0,0,0,0,0,0,0,1722,0.50,26.74
0,0,0,0,0,0,0,0,1774,0.60,26.78
0,0,0,0,0,0,0,0,1780,0.50,26.77
0,0,0,0,0,0,0,0,1838,0.50,26.71
0,0,0,0,0,0,0,0,2137,0.50,26.92
0,0,0,0,0,0,0,0,2142,0.60,26.40
0,0,0,0,0,0,0,0,2401,0.80,26.47
0,0,0,0,0,0,0,0,243,0.50,26.22
0,0,0,0,0,0,0,0,2596,0.50,26.75
0,0,0,0,0,0,0,0,2689,0.50,26.80
0,0,0,0,0,0,0,0,3062,0.50,26.64
0,0,0,0,0,0,0,0,3171,0.50,26.93
0,0,0,0,0,0,0,0,3324,0.50,26.98
0,0,0,0,0,0,0,0,3371,0.50,26.84
0,0,0,0,0,0,0,0,3374,0.40,26.96
0,0,0,0,0,0,0,0,3392,0.50,26.86
0,0,0,0,0,0,0,0,3445,0.60,26.85
0,0,0,0,0,0,0,0,3467,0.50,26.97
0,0,0,0,0,0,0,0,3516,0.40,27.04
0,0,0,0,0,0,0,0,3526,0.50,26.78
0,0,0,0,0,0,0,0,3531,0.60,26.92
0,0,0,0,0,0,0,0,3555,0.50,27.07
0,0,0,0,0,0,0,0,3641,0.40,27.14
0,0,0,0,0,0,0,0,3648,0.50,26.79
0,0,0,0,0,0,0,0,3740,0.60,27.06
0,0,0,0,0,0,0,0,3871,0.40,26.80
0,0,0,0,0,0,0,0,393,0.40,26.44
0,0,0,0,0,0,0,0,3959,0.50,26.78
0,0,0,0,0,0,0,0,3983,0.60,26.95
0,0,0,0,0,0,0,0,402,0.50,26.47
0,0,0,0,0,0,0,0,4067,0.50,27.04
0,0,0,0,0,0,0,0,4093,0.40,26.99
0,0,0,0,0,0,0,0,52,0.70,26.44
0,0,0,0,0,0,0,0,635,0.40,26.57
0,0,0,0,0,0,0,0,708,0.60,26.20
0,0,0,0,0,0,0,0,767,0.50,26.32
0,0,0,0,0,0,0,0,778,0.40,26.43
0,0,0,0,0,0,0,0,972,0.60,26.40
