total_len,protocol,flags,ttl,src_port,dst_port,tcp_flags_2,tcp_flags_1,size,memory
3,2,2,2,2,2,3,3,1235,901.12
2,2,3,3,2,2,2,3,1288,706.56
3,2,2,2,3,2,2,3,1525,727.04
2,2,3,2,2,3,3,2,1762,1003.52
2,3,2,2,3,3,2,2,17,337.92
3,2,3,3,2,2,2,2,2143,1064.96
2,2,3,2,2,3,3,2,2166,1075.2
2,2,2,2,2,3,3,3,2345,1157.12
3,2,2,2,3,2,3,2,2360,839.68
3,2,2,3,2,3,2,2,2599,972.8
2,3,2,3,2,2,3,2,2619,1208.32
2,2,3,3,3,2,2,2,2692,1064.96
2,2,2,3,3,3,2,2,2746,1218.56
3,2,2,3,3,2,2,2,2775,1003.52
3,2,3,2,2,3,2,2,2888,839.68
2,3,2,3,2,2,3,2,3005,1208.32
3,2,2,3,2,2,3,2,3030,1402.88
3,3,2,2,2,2,3,2,30,368.64
2,3,2,3,3,2,2,2,315,266.24
2,3,2,2,3,3,2,2,3213,1034.24
3,2,3,2,2,3,2,2,3241,1249.28
2,2,3,2,3,3,2,2,330,389.12
2,2,2,2,3,2,3,3,331,307.2
2,2,2,3,2,2,3,3,3382,1239.04
3,2,2,2,3,3,2,2,3401,1105.92
2,3,3,2,2,3,2,2,3418,1167.36
2,2,2,3,2,2,3,3,343,542.72
3,2,2,2,3,2,2,3,3452,1280.0
3,2,2,2,3,3,2,2,3485,1392.64
2,3,3,2,2,2,3,2,3496,1495.04
3,2,3,2,3,2,2,2,3501,1464.32
3,3,3,2,2,2,2,2,3754,1576.96
2,3,3,2,2,2,2,3,3844,1443.84
2,2,2,3,3,3,2,2,3853,1525.76
2,2,3,2,3,2,3,2,3865,1146.88
2,2,3,3,2,3,2,2,3906,1269.76
3,2,3,2,2,3,2,2,4031,1423.36
3,2,2,2,2,3,2,3,4035,1546.24
2,2,3,3,2,3,2,2,420,399.36
3,2,2,2,3,3,2,2,438,563.2
3,2,2,2,3,2,2,3,449,440.32
2,2,2,2,2,3,3,3,501,276.48
3,2,3,2,2,2,2,3,507,481.28
3,2,3,2,2,2,3,2,648,471.04
3,2,2,3,2,2,2,3,790,593.92
3,2,2,2,3,2,2,3,795,634.88
2,3,3,2,2,2,3,2,830,522.24
2,3,2,3,2,2,2,3,843,768.0
3,2,3,2,2,3,2,2,888,563.2
2,2,2,2,3,2,2,3,1076,798.72
2,2,3,2,2,2,3,2,1121,972.8
2,2,2,2,2,3,2,3,1210,839.68
2,2,3,2,2,3,2,2,1231,491.52
2,2,2,2,2,2,3,3,1340,952.32
2,2,2,2,2,3,2,3,1343,768.0
2,2,3,3,2,2,2,2,1546,768.0
2,3,2,2,3,2,2,2,1759,819.2
2,3,2,2,3,2,2,2,1815,747.52
2,2,2,2,3,3,2,2,1867,901.12
2,2,3,3,2,2,2,2,2307,880.64
2,3,3,2,2,2,2,2,2379,962.56
2,2,3,2,2,2,2,3,2848,1208.32
2,2,2,2,3,2,2,3,2965,870.4
2,2,2,2,2,3,2,3,3076,880.64
3,2,2,2,2,2,2,3,3134,1116.16
2,2,2,2,3,3,2,2,3255,1443.84
2,3,2,2,2,3,2,2,3334,1228.8
2,3,2,2,2,3,2,2,337,512.0
2,2,3,2,3,2,2,2,3475,1146.88
2,3,2,2,2,2,3,2,3585,1269.76
2,3,3,2,2,2,2,2,3732,1218.56
2,2,3,2,2,2,2,3,3828,1536.0
2,2,2,2,3,2,3,2,3846,1587.2
3,2,3,2,2,2,2,2,3997,1515.52
2,3,2,2,3,2,2,2,4089,1423.36
2,2,2,3,3,2,2,2,42,225.28
2,2,2,2,3,2,3,2,499,532.48
2,2,2,3,2,3,2,2,520,481.28
2,2,3,2,2,2,2,3,539,727.04
3,3,2,2,2,2,2,2,713,552.96
2,3,2,2,2,3,2,2,903,368.64
2,2,2,2,2,2,2,3,1063,839.68
2,2,3,2,2,2,2,2,1074,911.36
2,2,2,2,2,2,2,3,1084,491.52
2,3,2,2,2,2,2,2,1163,604.16
3,2,2,2,2,2,2,2,1252,706.56
2,2,2,3,2,2,2,2,1314,880.64
3,2,2,2,2,2,2,2,1315,778.24
2,2,2,3,2,2,2,2,1347,829.44
2,2,2,2,2,2,3,2,1471,1013.76
2,2,2,2,2,2,3,2,1626,716.8
3,2,2,2,2,2,2,2,1762,1044.48
2,2,2,2,2,3,2,2,1815,819.2
2,2,2,2,2,2,2,3,1992,768.0
2,2,2,2,2,2,3,2,206,419.84
2,2,2,2,2,3,2,2,2187,1024.0
3,2,2,2,2,2,2,2,2223,1239.04
2,3,2,2,2,2,2,2,2419,890.88
3,2,2,2,2,2,2,2,2566,1198.08
2,2,2,2,2,3,2,2,2626,1320.96
2,2,3,2,2,2,2,2,2691,972.8
3,2,2,2,2,2,2,2,2715,1341.44
2,2,2,3,2,2,2,2,2976,849.92
2,2,3,2,2,2,2,2,2997,1157.12
2,2,2,2,2,3,2,2,3083,1228.8
2,2,2,2,2,3,2,2,3103,962.56
2,2,2,2,2,2,2,3,3123,1146.88
2,2,2,3,2,2,2,2,341,614.4
2,2,2,2,3,2,2,2,3659,1546.24
2,3,2,2,2,2,2,2,3710,1239.04
2,2,2,2,2,2,3,2,3778,1177.6
2,2,3,2,2,2,2,2,3943,1341.44
2,2,2,2,3,2,2,2,691,624.64
2,2,2,2,2,2,2,3,694,634.88
2,2,2,2,2,2,3,2,802,501.76
2,2,2,3,2,2,2,2,894,327.68
2,2,2,2,2,2,2,2,1020,491.52
2,2,2,2,2,2,2,2,1041,706.56
2,2,2,2,2,2,2,2,1120,819.2
2,2,2,2,2,2,2,2,1227,655.36
2,2,2,2,2,2,2,2,1305,819.2
2,2,2,2,2,2,2,2,1337,808.96
2,2,2,2,2,2,2,2,1536,706.56
2,2,2,2,2,2,2,2,1546,655.36
2,2,2,2,2,2,2,2,154,286.72
2,2,2,2,2,2,2,2,1720,972.8
2,2,2,2,2,2,2,2,1859,870.4
2,2,2,2,2,2,2,2,2037,727.04
2,2,2,2,2,2,2,2,2148,747.52
2,2,2,2,2,2,2,2,2207,1003.52
2,2,2,2,2,2,2,2,2305,890.88
2,2,2,2,2,2,2,2,2308,1044.48
2,2,2,2,2,2,2,2,2407,911.36
2,2,2,2,2,2,2,2,2443,706.56
2,2,2,2,2,2,2,2,265,378.88
2,2,2,2,2,2,2,2,2713,624.64
2,2,2,2,2,2,2,2,2811,1095.68
2,2,2,2,2,2,2,2,2957,1075.2
2,2,2,2,2,2,2,2,3098,1126.4
2,2,2,2,2,2,2,2,3167,1095.68
2,2,2,2,2,2,2,2,3234,1187.84
2,2,2,2,2,2,2,2,3292,1280.0
2,2,2,2,2,2,2,2,330,532.48
2,2,2,2,2,2,2,2,3464,778.24
2,2,2,2,2,2,2,2,352,235.52
2,2,2,2,2,2,2,2,3577,983.04
2,2,2,2,2,2,2,2,3826,1208.32
2,2,2,2,2,2,2,2,3864,1320.96
2,2,2,2,2,2,2,2,3909,1228.8
2,2,2,2,2,2,2,2,4062,1443.84
2,2,2,2,2,2,2,2,408,655.36
2,2,2,2,2,2,2,2,459,276.48
2,2,2,2,2,2,2,2,589,634.88
2,2,2,2,2,2,2,2,82,532.48
2,2,2,2,2,2,2,2,914,696.32
2,2,2,2,2,2,2,2,982,645.12
2,2,2,2,2,2,2,2,99,163.84
3,3,3,3,1,2,2,3,655,409.6
3,1,2,3,2,2,3,2,1010,788.48
3,2,3,3,2,2,2,1,120,419.84
1,3,2,3,2,2,2,3,1231,819.2
3,2,2,1,3,3,2,2,1272,593.92
2,3,3,2,2,3,2,1,1510,634.88
2,3,2,2,3,1,3,2,1562,747.52
2,3,2,2,2,3,3,1,1644,819.2
3,3,2,3,2,1,2,2,1685,1013.76
2,3,2,2,1,3,2,3,1895,901.12
2,2,3,2,1,3,2,3,1914,737.28
2,2,1,2,3,2,3,3,2093,880.64
1,2,3,3,3,2,2,2,2098,942.08
3,2,2,3,2,1,3,2,2152,757.76
2,2,3,3,1,3,2,2,2174,747.52
3,2,2,3,3,2,1,2,2201,768.0
3,2,3,2,3,2,1,2,2286,1064.96
2,1,3,3,2,2,3,2,2289,1034.24
3,3,1,2,3,2,2,2,234,471.04
3,3,2,2,1,2,2,3,2351,972.8
2,2,2,3,1,3,2,3,2368,952.32
2,3,2,3,1,2,3,2,2370,983.04
3,1,3,2,2,3,2,2,240,522.24
3,2,2,2,3,2,1,3,2440,1024.0
2,1,2,3,2,3,3,2,2570,983.04
3,3,1,2,2,2,3,2,2601,993.28
2,3,3,2,3,2,1,2,2613,1024.0
2,2,1,2,3,3,3,2,2617,1136.64
2,3,2,2,3,1,2,3,2787,1341.44
1,2,2,2,3,2,3,3,2845,993.28
1,2,2,3,2,3,2,3,2985,1085.44
2,1,3,3,3,2,2,2,3259,1310.72
3,2,3,1,2,2,2,3,363,624.64
3,2,2,2,1,3,2,3,3656,1259.52
3,2,3,2,2,1,2,3,3799,1464.32
3,3,2,3,2,2,1,2,3918,1454.08
2,3,1,3,2,3,2,2,3973,1187.84
3,3,3,2,2,2,2,1,3983,1536.0
3,2,2,1,2,2,3,3,3990,1484.8
2,1,3,2,2,3,3,2,4007,1576.96
2,2,3,2,2,3,3,1,4035,1331.2
3,2,3,2,1,2,3,2,4064,1484.8
2,3,3,1,2,3,2,2,40,399.36
3,2,2,3,2,3,2,1,468,563.2
2,3,3,3,2,2,2,1,483,133.12
2,3,3,2,1,3,2,2,537,460.8
3,3,2,1,2,3,2,2,588,634.88
1,3,3,2,2,2,2,3,640,552.96
2,1,2,3,3,2,3,2,667,337.92
3,2,3,2,2,2,1,3,774,245.76
2,3,1,2,2,3,2,3,865,512.0
3,2,2,1,3,2,2,3,875,327.68
2,2,3,2,2,1,2,3,1076,389.12
2,2,2,2,3,2,3,1,1131,552.96
2,3,2,2,1,2,2,3,114,471.04
3,2,2,1,3,2,2,2,1339,706.56
3,2,2,2,2,3,1,2,1358,716.8
2,2,1,2,3,2,2,3,1395,604.16
2,2,2,2,2,3,1,3,1404,819.2
2,3,3,2,1,2,2,2,1406,993.28
1,2,2,2,3,2,2,3,1417,419.84
2,2,1,3,2,2,2,3,1475,706.56
2,3,2,3,2,1,2,2,1738,890.88
3,2,3,2,2,2,1,2,1762,727.04
2,2,2,2,2,1,3,3,1769,942.08
2,3,2,2,2,3,2,1,1792,962.56
3,3,2,2,2,2,2,1,1805,788.48
2,2,2,3,3,2,2,1,1823,798.72
3,2,2,2,2,3,2,1,1889,460.8
2,2,2,3,2,3,1,2,1964,798.72
2,3,2,3,2,2,2,1,205,225.28
1,3,2,2,3,2,2,2,2070,1013.76
2,3,2,1,3,2,2,2,2083,849.92
3,2,2,2,1,2,2,3,2128,931.84
3,1,2,2,2,2,2,3,2137,962.56
3,2,2,2,3,1,2,2,2744,1095.68
2,1,2,3,2,2,3,2,2813,1013.76
3,2,1,2,2,3,2,2,286,399.36
2,2,3,2,3,2,1,2,297,460.8
2,1,3,2,2,2,2,3,2986,1085.44
2,3,2,3,2,1,2,2,3053,1034.24
2,2,2,3,1,3,2,2,3065,1259.52
2,2,3,2,3,2,2,1,3066,1269.76
3,2,2,2,1,2,3,2,3067,1075.2
2,1,3,2,2,3,2,2,3111,1044.48
3,2,3,2,2,2,2,1,311,450.56
2,3,2,2,3,2,1,2,3149,1361.92
2,3,2,2,1,2,3,2,3274,1003.52
2,1,3,2,2,2,2,3,331,215.04
3,2,2,2,3,2,1,2,3359,1146.88
1,2,2,3,2,2,2,3,367,419.84
3,2,3,2,2,2,1,2,3823,1638.4
2,3,3,2,2,2,1,2,3880,1669.12
2,3,3,2,2,2,1,2,3916,1320.96
2,2,1,2,3,3,2,2,3980,1495.04
2,3,2,2,2,1,2,3,4042,1351.68
2,3,1,2,2,2,3,2,4078,1351.68
2,2,2,2,3,2,3,1,569,440.32
2,2,3,2,1,2,2,3,5,337.92
2,2,3,3,2,1,2,2,608,450.56
2,2,3,2,1,2,2,3,625,542.72
3,1,2,2,2,2,2,3,692,706.56
2,1,2,2,2,3,2,3,695,829.44
2,1,2,3,2,3,2,2,763,450.56
2,3,2,1,3,2,2,2,829,839.68
3,1,2,2,2,2,3,2,84,235.52
3,1,2,3,2,2,2,2,940,481.28
3,3,2,2,1,2,2,2,941,737.28
2,2,2,1,3,2,3,2,975,675.84
2,2,1,3,2,2,2,2,1005,778.24
2,3,2,1,2,2,2,2,1058,716.8
2,2,1,2,2,2,2,3,1147,563.2
1,2,2,2,2,3,2,2,1290,901.12
2,1,2,2,2,2,3,2,1349,993.28
3,2,2,2,2,1,2,2,1396,931.84
2,2,2,2,3,1,2,2,1504,952.32
2,2,1,3,2,2,2,2,1541,542.72
2,2,1,2,2,3,2,2,1547,747.52
2,2,3,2,2,2,1,2,1663,942.08
2,2,2,2,1,2,2,3,1685,1024.0
2,1,3,2,2,2,2,2,1712,860.16
2,2,2,2,3,2,2,1,1772,747.52
2,2,2,3,2,2,2,1,1936,880.64
2,3,2,2,2,2,2,1,2044,890.88
2,2,2,2,3,2,2,1,2129,655.36
3,2,2,2,1,2,2,2,2178,1075.2
2,2,2,2,2,1,3,2,2503,1024.0
2,2,2,1,2,2,3,2,2699,870.4
2,2,2,3,2,1,2,2,2713,1003.52
2,3,1,2,2,2,2,2,2885,1280.0
2,2,2,2,2,2,1,3,289,491.52
2,3,2,2,1,2,2,2,2996,1198.08
1,2,2,2,2,3,2,2,3021,1024.0
2,2,2,1,2,2,2,3,3098,1044.48
2,2,2,2,3,2,1,2,3183,819.2
2,1,2,2,2,2,2,3,3278,1105.92
2,2,2,2,2,3,1,2,3423,1443.84
2,2,2,2,2,1,2,3,357,665.6
2,2,2,3,2,1,2,2,3680,1249.28
2,2,2,3,2,2,1,2,3884,1556.48
2,1,2,3,2,2,2,2,3995,1198.08
2,2,2,2,2,2,3,1,4064,1372.16
1,2,2,2,2,2,2,3,4095,1607.68
2,2,2,2,3,2,1,2,517,716.8
2,2,3,2,2,2,1,2,539,696.32
2,2,1,2,2,2,2,3,609,593.92
2,2,1,2,2,3,2,2,673,450.56
2,1,2,2,3,2,2,2,73,286.72
1,2,3,2,2,2,2,2,784,471.04
2,2,2,2,3,2,2,1,938,727.04
2,2,2,2,2,1,2,2,1147,696.32
2,2,2,2,2,1,2,2,124,133.12
2,1,2,2,2,2,2,2,1317,716.8
1,2,2,2,2,2,2,2,132,552.96
2,1,2,2,2,2,2,2,1409,399.36
2,2,2,2,1,2,2,2,1433,778.24
2,2,1,2,2,2,2,2,1504,706.56
2,2,1,2,2,2,2,2,1618,849.92
2,2,2,1,2,2,2,2,1726,1034.24
2,2,1,2,2,2,2,2,1810,880.64
2,2,2,1,2,2,2,2,1866,952.32
2,1,2,2,2,2,2,2,1881,1146.88
2,2,2,2,2,2,2,1,2048,768.0
2,2,2,2,2,2,2,1,2063,1003.52
2,2,2,2,2,2,2,1,20,112.64
2,2,2,2,2,2,2,1,2191,870.4
2,2,2,2,2,2,2,1,2412,675.84
2,2,2,1,2,2,2,2,2467,952.32
2,2,2,2,2,2,1,2,2497,737.28
1,2,2,2,2,2,2,2,2525,1259.52
2,2,2,2,2,2,2,1,2676,1146.88
2,2,1,2,2,2,2,2,2875,972.8
2,2,2,2,2,2,2,1,2882,1044.48
1,2,2,2,2,2,2,2,3376,1075.2
2,2,2,2,1,2,2,2,3612,1239.04
2,2,1,2,2,2,2,2,3638,1024.0
2,2,1,2,2,2,2,2,363,266.24
2,2,1,2,2,2,2,2,3678,1331.2
2,2,1,2,2,2,2,2,3715,1208.32
2,2,2,1,2,2,2,2,428,409.6
2,2,2,2,2,2,1,2,473,317.44
2,2,2,2,2,2,2,1,543,399.36
2,2,2,2,2,2,2,1,650,430.08
2,2,2,2,1,2,2,2,782,532.48
2,2,2,2,2,2,1,2,787,665.6
2,2,1,2,2,2,2,2,860,675.84
2,1,2,2,2,2,2,2,888,491.52
2,2,2,2,2,2,1,2,941,481.28
2,0,3,2,3,2,2,3,1126,972.8
2,0,3,3,2,3,2,2,120,522.24
2,3,2,3,0,3,2,2,132,460.8
3,2,2,0,3,3,2,2,1409,880.64
2,3,0,2,3,2,3,2,1436,675.84
2,2,0,3,2,3,3,2,1527,778.24
3,3,2,2,3,2,2,0,1641,573.44
2,2,3,0,3,2,2,3,1775,696.32
0,3,2,2,2,3,3,2,1821,1044.48
2,3,3,2,2,3,0,2,1832,931.84
3,2,2,0,2,3,3,2,1888,768.0
2,3,2,3,3,2,2,0,1979,716.8
2,2,3,0,2,3,3,2,2094,921.6
3,3,2,2,0,3,2,2,2152,952.32
2,0,2,2,3,3,3,2,2181,911.36
2,2,3,2,3,0,3,2,2219,1269.76
2,3,2,2,3,3,2,0,2303,819.2
3,2,2,2,2,3,0,3,2308,860.16
2,2,3,3,2,0,3,2,2337,849.92
2,0,2,2,3,3,2,3,2357,972.8
2,2,3,2,3,2,0,3,2367,931.84
0,2,2,3,3,2,3,2,2413,1044.48
2,0,3,3,3,2,2,2,2463,1085.44
0,3,3,2,2,2,2,3,2465,1003.52
2,3,2,2,2,3,0,3,2531,1095.68
2,2,0,2,2,3,3,3,2588,972.8
3,2,2,0,2,2,3,3,2610,901.12
2,2,3,3,3,2,2,0,2765,1044.48
2,0,2,3,2,3,3,2,2947,1085.44
3,2,0,2,3,3,2,2,2999,942.08
2,2,0,2,3,3,2,3,3067,1167.36
0,3,2,2,2,3,3,2,339,552.96
3,2,2,2,2,3,3,0,3402,1269.76
3,2,2,0,3,2,3,2,3473,1259.52
2,0,3,2,2,3,3,2,3587,1146.88
3,3,3,2,2,2,2,0,359,378.88
2,2,3,2,0,3,3,2,3741,1300.48
2,2,2,2,0,3,3,3,3756,1280.0
2,2,3,2,3,0,2,3,3923,1239.04
3,2,2,3,3,2,2,0,4019,1495.04
3,3,2,2,0,2,3,2,4033,1443.84
0,3,2,2,3,3,2,2,501,563.2
0,2,3,2,2,3,2,3,749,645.12
2,2,2,3,0,2,2,3,1080,706.56
2,2,2,3,2,3,0,2,1095,768.0
2,2,2,2,2,0,3,3,1113,788.48
3,2,2,2,2,0,3,2,1135,430.08
2,0,3,2,2,2,2,3,1275,808.96
2,2,2,2,3,0,2,3,1393,573.44
0,2,3,2,3,2,2,2,1457,901.12
0,2,2,3,3,2,2,2,1525,624.64
2,2,2,3,2,0,3,2,160,368.64
3,2,2,0,2,2,3,2,1617,696.32
0,2,3,3,2,2,2,2,1749,512.0
2,2,2,2,0,2,3,3,1803,839.68
3,0,2,2,2,2,3,2,1873,921.6
2,2,2,2,0,3,2,3,1930,901.12
2,2,3,2,2,2,3,0,1947,860.16
2,2,3,2,3,0,2,2,2089,1116.16
3,2,3,0,2,2,2,2,2147,931.84
2,0,3,3,2,2,2,2,2148,880.64
2,2,2,3,2,0,2,3,2163,747.52
2,2,2,3,2,3,2,0,2165,911.36
2,3,3,2,2,0,2,2,2168,972.8
3,2,2,2,3,0,2,2,2185,839.68
3,2,0,2,2,2,3,2,2186,819.2
0,2,2,3,2,2,3,2,2198,931.84
2,2,3,3,2,2,2,0,2274,1259.52
2,2,3,2,0,2,3,2,2344,716.8
2,3,3,2,0,2,2,2,2352,696.32
3,2,3,2,0,2,2,2,2363,1034.24
2,2,2,2,0,2,3,3,2547,788.48
2,2,0,3,2,2,3,2,2586,901.12
2,3,3,2,2,0,2,2,2691,931.84
2,3,3,2,2,2,0,2,2973,747.52
2,2,0,3,2,2,3,2,3006,1228.8
2,2,3,2,0,2,2,3,3140,1003.52
3,2,2,3,2,2,0,2,3161,1269.76
3,2,2,2,2,0,2,3,322,296.96
2,2,3,2,2,3,0,2,3234,1095.68
2,3,0,2,2,3,2,2,3315,1310.72
0,2,2,2,3,2,3,2,3335,1146.88
3,3,0,2,2,2,2,2,3433,1095.68
2,3,2,3,2,0,2,2,3736,1218.56
2,2,3,2,2,3,0,2,376,378.88
2,3,2,2,2,3,0,2,3831,1331.2
3,2,2,2,2,2,0,3,3877,1269.76
3,2,0,2,3,2,2,2,3984,1464.32
2,3,2,3,0,2,2,2,410,634.88
2,3,0,2,2,3,2,2,415,430.08
3,0,3,2,2,2,2,2,451,563.2
2,0,2,3,3,2,2,2,465,491.52
2,2,2,3,3,2,0,2,637,512.0
2,2,3,2,2,3,2,0,664,686.08
3,2,3,0,2,2,2,2,695,727.04
2,3,3,2,2,2,2,0,936,716.8
2,3,2,2,3,2,2,0,995,634.88
2,2,2,2,0,2,3,2,1200,552.96
2,2,2,2,0,2,3,2,1215,747.52
2,2,2,3,2,2,2,0,1261,460.8
2,2,2,2,2,0,3,2,1328,512.0
2,2,2,2,2,0,3,2,1530,727.04
2,2,2,2,0,2,2,3,1770,788.48
0,2,2,2,3,2,2,2,1778,1228.8
2,2,2,2,2,3,2,0,1914,952.32
2,2,3,2,2,2,2,0,2348,1054.72
2,2,2,2,0,3,2,2,2446,1187.84
2,2,3,2,2,2,2,0,2605,1239.04
2,2,2,0,2,3,2,2,2653,1228.8
2,3,2,2,2,2,2,0,2657,880.64
2,0,2,2,2,3,2,2,2692,911.36
2,2,2,2,3,0,2,2,273,522.24
0,2,2,2,2,3,2,2,2748,1280.0
0,2,2,3,2,2,2,2,2763,1177.6
2,3,2,2,2,2,0,2,2863,1075.2
2,2,0,2,2,3,2,2,3240,1177.6
2,3,0,2,2,2,2,2,324,512.0
2,2,0,2,2,2,2,3,3477,1433.6
3,2,0,2,2,2,2,2,3587,1361.92
2,2,2,2,0,3,2,2,3638,1474.56
3,2,2,0,2,2,2,2,3738,1187.84
2,3,2,2,0,2,2,2,3749,1413.12
2,2,2,3,2,0,2,2,3773,1310.72
2,2,2,2,3,2,0,2,3951,1280.0
0,2,2,3,2,2,2,2,3978,1433.6
2,2,0,2,2,3,2,2,4034,1310.72
2,0,2,2,2,3,2,2,45,419.84
2,2,0,2,2,3,2,2,501,552.96
2,0,2,2,2,3,2,2,642,604.16
2,2,2,2,2,0,2,3,768,665.6
2,2,2,3,2,2,2,0,773,583.68
2,2,2,2,2,0,3,2,804,532.48
2,0,2,2,2,2,2,3,862,522.24
2,2,3,2,2,2,0,2,939,419.84
0,2,2,2,3,2,2,2,990,593.92
2,2,2,2,2,2,0,2,1084,655.36
2,2,0,2,2,2,2,2,1121,747.52
2,2,2,2,2,0,2,2,1182,583.68
2,2,2,2,2,2,0,2,1403,624.64
2,2,2,0,2,2,2,2,1620,1054.72
0,2,2,2,2,2,2,2,1726,1044.48
2,2,2,2,2,2,2,0,1765,716.8
2,2,2,2,2,2,2,0,1783,983.04
2,2,2,2,2,0,2,2,1799,604.16
2,2,2,2,2,2,2,0,1974,829.44
2,2,2,2,0,2,2,2,2218,696.32
2,0,2,2,2,2,2,2,2515,798.72
2,2,2,2,2,0,2,2,2640,880.64
2,2,2,2,0,2,2,2,264,573.44
2,2,2,2,2,2,2,0,2906,1126.4
2,2,2,0,2,2,2,2,3066,1382.4
2,2,2,0,2,2,2,2,3142,1208.32
2,2,2,2,2,0,2,2,3328,1413.12
2,2,0,2,2,2,2,2,3667,1228.8
2,2,0,2,2,2,2,2,3928,1136.64
2,0,2,2,2,2,2,2,3939,1249.28
2,2,2,2,0,2,2,2,774,512.0
2,2,0,2,2,2,2,2,786,675.84
2,0,2,2,2,2,2,2,82,276.48
2,2,2,2,2,0,2,2,868,655.36
2,2,2,2,2,0,2,2,944,512.0
0,2,3,3,3,2,2,1,1036,573.44
2,3,1,2,0,3,3,2,1162,716.8
2,2,0,3,3,2,1,3,1167,696.32
3,1,3,0,2,2,2,3,1269,522.24
2,3,2,3,0,2,3,1,1447,655.36
3,2,2,3,3,0,2,1,149,348.16
3,3,2,2,0,1,3,2,15,358.4
2,3,0,3,1,2,3,2,162,143.36
3,2,3,2,1,2,3,0,1641,563.2
2,3,2,1,3,3,0,2,1732,798.72
2,1,2,2,0,3,3,3,1757,931.84
2,3,2,1,3,2,3,0,1951,768.0
3,0,2,2,1,3,3,2,1999,1024.0
2,0,3,3,2,1,3,2,2065,1044.48
1,3,0,3,2,2,2,3,214,348.16
2,3,3,3,2,0,2,1,2193,1095.68
2,2,3,0,1,3,2,3,2207,942.08
2,0,1,3,2,3,2,3,2269,1034.24
2,3,3,0,3,2,1,2,2282,1136.64
2,3,3,1,3,2,2,0,2300,849.92
3,2,2,3,1,0,2,3,2367,768.0
2,3,3,3,0,2,1,2,2379,1064.96
2,2,1,3,0,2,3,3,2521,1177.6
3,2,1,3,3,2,0,2,2806,1085.44
0,2,3,2,1,3,3,2,2857,1126.4
1,0,3,3,2,2,2,3,2906,1290.24
3,2,1,3,0,3,2,2,2907,1290.24
0,3,1,3,2,2,3,2,30,614.4
0,3,2,2,3,1,3,2,3136,1269.76
3,3,0,3,2,2,1,2,3195,1157.12
3,2,3,0,1,2,2,3,319,378.88
1,3,3,2,0,2,3,2,3209,911.36
2,0,2,3,2,3,1,3,3216,1085.44
3,2,3,1,3,2,0,2,3237,1259.52
2,3,3,0,2,2,3,1,331,296.96
3,2,2,3,2,1,0,3,332,491.52
3,0,2,3,2,2,3,1,3353,1648.64
3,0,1,2,2,2,3,3,3480,1464.32
2,3,2,2,0,3,1,3,3513,1290.24
3,3,3,2,1,2,0,2,3554,1587.2
3,1,2,3,0,2,2,3,3578,1300.48
2,1,0,2,3,2,3,3,3594,1443.84
3,2,1,2,3,0,2,3,3696,1331.2
3,2,2,3,3,2,1,0,3780,1290.24
0,3,2,3,2,3,2,1,3783,1331.2
0,2,3,2,2,3,1,3,3801,1372.16
2,1,2,3,3,0,3,2,385,286.72
3,1,2,2,3,3,0,2,3889,1331.2
3,2,0,1,3,3,2,2,3910,1372.16
3,2,0,3,2,1,3,2,3927,1157.12
3,2,2,1,3,2,3,0,4066,1576.96
0,3,2,2,2,1,3,3,4077,1546.24
1,3,0,2,2,3,2,3,430,849.92
3,3,3,2,2,0,2,1,532,675.84
2,2,3,2,3,3,0,1,565,481.28
2,2,0,3,1,3,2,3,701,604.16
3,2,3,3,0,1,2,2,797,747.52
0,3,2,2,2,3,3,1,986,942.08
2,3,0,2,1,3,3,2,997,880.64
2,2,2,3,2,3,0,1,1059,542.72
3,0,2,1,2,2,3,2,1084,768.0
3,2,3,0,2,2,1,2,1177,634.88
3,2,1,0,2,2,3,2,1308,768.0
3,2,2,2,1,2,3,0,1417,901.12
2,2,3,3,1,0,2,2,14,215.04
2,0,3,3,1,2,2,2,1612,757.76
3,3,1,0,2,2,2,2,1692,860.16
1,3,2,2,2,2,3,0,1764,614.4
3,1,2,3,2,0,2,2,1890,849.92
1,2,2,2,2,0,3,3,189,327.68
0,3,1,3,2,2,2,2,1917,952.32
0,3,1,2,2,3,2,2,2132,788.48
1,3,2,2,2,2,0,3,2194,665.6
3,2,2,2,3,1,0,2,2265,1003.52
3,0,2,1,2,3,2,2,2305,880.64
2,2,0,1,2,2,3,3,2319,1024.0
2,1,3,0,2,2,2,3,2330,1003.52
3,2,2,3,2,1,2,0,2551,1024.0
0,2,1,2,3,3,2,2,2743,1187.84
2,3,3,2,2,1,0,2,2914,1044.48
3,2,2,2,1,2,0,3,2958,1167.36
3,2,3,2,1,0,2,2,2964,1064.96
3,1,2,2,3,0,2,2,3013,1300.48
2,3,0,2,1,2,2,3,302,235.52
2,2,3,2,2,0,1,3,3042,1085.44
3,0,2,2,2,2,1,3,3061,1034.24
2,2,2,3,1,3,2,0,3118,1003.52
2,1,0,3,2,2,2,3,3185,1228.8
0,2,3,2,2,3,1,2,3268,1044.48
3,2,1,2,0,3,2,2,331,266.24
2,3,2,2,0,1,3,2,3338,1136.64
3,2,3,2,1,2,2,0,3500,1423.36
3,2,2,0,3,2,2,1,3562,1280.0
2,1,3,3,2,0,2,2,3677,1228.8
3,0,2,1,2,2,3,2,3686,1413.12
3,2,2,3,0,2,1,2,3703,1525.76
2,0,3,1,2,3,2,2,37,399.36
0,2,2,3,2,3,1,2,3888,1228.8
2,3,3,0,2,1,2,2,3893,1423.36
0,3,1,2,2,2,3,2,3924,1382.4
2,1,0,2,3,2,3,2,4083,1628.16
2,2,3,0,2,1,3,2,430,481.28
1,2,0,2,2,2,3,3,542,481.28
2,3,2,2,3,2,0,1,594,471.04
2,1,3,0,3,2,2,2,686,532.48
2,3,0,2,1,3,2,2,710,532.48
0,1,2,3,2,3,2,2,858,471.04
2,3,2,0,3,1,2,2,859,604.16
2,3,2,2,3,1,2,0,910,696.32
2,2,2,2,1,0,3,2,1060,645.12
0,1,2,2,2,3,2,2,1072,952.32
2,2,1,2,2,3,0,2,1126,430.08
2,0,2,3,1,2,2,2,1211,491.52
1,0,2,3,2,2,2,2,1272,768.0
0,1,2,2,2,2,3,2,1545,634.88
0,3,2,2,2,2,1,2,1629,901.12
2,2,2,2,0,3,2,1,1632,921.6
1,2,0,2,2,2,2,3,1741,942.08
3,2,0,2,1,2,2,2,1742,696.32
3,2,1,2,2,0,2,2,1773,634.88
2,3,2,2,2,2,0,1,177,501.76
3,0,2,1,2,2,2,2,1974,983.04
2,2,2,3,2,0,1,2,207,30.72
1,0,2,2,2,2,2,3,2138,962.56
0,2,1,3,2,2,2,2,2390,1167.36
3,2,1,2,2,0,2,2,2428,931.84
0,2,2,2,2,2,3,1,2468,1136.64
2,2,2,0,3,2,1,2,2552,1024.0
1,2,2,3,2,0,2,2,2749,962.56
2,2,2,2,1,2,3,0,2964,1228.8
2,2,1,2,0,2,2,3,3027,1146.88
2,3,2,2,2,1,2,0,3038,1382.4
1,2,2,3,2,2,2,0,3045,1331.2
2,1,3,2,2,2,2,0,3076,1382.4
2,2,2,2,2,1,0,3,3115,1116.16
2,0,2,2,2,2,1,3,3122,1228.8
2,0,1,2,2,2,3,2,3184,1249.28
3,0,2,1,2,2,2,2,3219,1351.68
2,2,2,3,0,1,2,2,3555,1280.0
1,2,0,2,2,2,3,2,3610,1320.96
2,2,2,3,0,1,2,2,3642,1208.32
1,2,3,2,2,2,2,0,3878,1351.68
3,2,2,2,2,2,0,1,3883,1280.0
1,0,3,2,2,2,2,2,4017,1075.2
2,3,2,0,1,2,2,2,4070,1361.92
2,2,2,3,2,2,0,1,4075,1443.84
2,2,3,1,2,0,2,2,539,430.08
2,2,3,2,0,2,2,1,594,512.0
2,2,0,3,2,2,1,2,686,706.56
2,2,2,1,0,2,3,2,732,706.56
2,3,1,2,2,2,0,2,813,655.36
2,2,1,2,2,2,0,3,892,727.04
2,2,2,2,0,2,2,1,1014,604.16
2,2,0,2,2,1,2,2,1099,788.48
1,2,0,2,2,2,2,2,1106,757.76
1,2,2,0,2,2,2,2,1295,645.12
2,2,0,1,2,2,2,2,1367,901.12
2,2,2,2,1,0,2,2,152,430.08
1,2,2,2,2,2,2,0,1579,829.44
2,2,2,2,1,0,2,2,176,645.12
2,2,2,2,1,2,0,2,2002,911.36
2,2,2,2,2,1,2,0,2069,860.16
2,2,2,2,2,0,2,1,2120,839.68
2,2,2,1,2,2,0,2,2131,1034.24
2,1,0,2,2,2,2,2,2166,890.88
1,2,2,0,2,2,2,2,2272,716.8
2,1,2,2,2,0,2,2,2274,757.76
2,2,2,2,0,2,2,1,2382,808.96
2,1,2,0,2,2,2,2,2562,860.16
2,2,2,2,2,1,0,2,2645,1116.16
2,2,2,0,1,2,2,2,2651,931.84
2,2,2,2,2,2,1,0,2901,1095.68
2,2,1,0,2,2,2,2,2903,1208.32
0,2,2,2,2,2,1,2,2936,1105.92
2,2,2,2,1,2,2,0,325,368.64
1,2,2,2,0,2,2,2,3260,972.8
2,0,2,2,2,2,2,1,3361,1320.96
2,2,2,1,0,2,2,2,3536,1044.48
2,0,2,2,2,1,2,2,3599,1341.44
1,2,2,2,0,2,2,2,3681,1024.0
2,2,0,1,2,2,2,2,3697,1003.52
2,2,2,2,1,0,2,2,3764,1392.64
0,1,2,2,2,2,2,2,3771,1116.16
2,0,2,1,2,2,2,2,3772,1320.96
1,2,0,2,2,2,2,2,3774,1310.72
2,1,0,2,2,2,2,2,3868,1597.44
2,2,2,1,2,0,2,2,4041,1402.88
2,0,2,1,2,2,2,2,4050,1320.96
0,2,2,2,2,1,2,2,522,440.32
2,2,2,2,0,2,2,1,564,808.96
2,1,2,2,2,0,2,2,685,512.0
2,2,2,2,1,0,2,2,762,542.72
1,2,2,2,2,0,2,2,809,358.4
2,2,2,2,1,2,2,0,993,808.96
2,2,2,2,1,2,0,2,9,563.2
2,2,0,3,2,3,0,3,1012,716.8
0,2,0,2,2,3,3,3,1027,552.96
3,3,2,0,0,3,2,2,105,542.72
2,0,3,2,0,3,2,3,1189,491.52
0,2,2,0,3,3,3,2,1196,788.48
3,3,2,0,3,0,2,2,1284,829.44
3,2,0,3,0,3,2,2,1292,829.44
3,2,3,0,2,0,2,3,1397,839.68
0,2,0,2,3,3,3,2,1572,768.0
0,2,3,3,0,2,2,3,165,286.72
0,2,3,0,3,2,2,3,1747,798.72
2,2,0,3,2,0,3,3,1768,512.0
0,3,2,0,3,2,2,3,1832,1044.48
2,3,3,2,0,2,3,0,1888,1044.48
3,3,2,2,3,2,0,0,1996,1208.32
0,3,2,3,2,0,2,3,2042,993.28
3,2,3,3,2,0,0,2,2110,808.96
3,2,0,0,3,2,2,3,2171,1024.0
2,0,2,3,0,3,3,2,2232,819.2
2,3,3,2,3,0,2,0,2280,1239.04
3,0,2,2,3,3,0,2,2284,901.12
3,2,3,0,3,2,2,0,2352,706.56
3,0,2,2,0,2,3,3,2417,1024.0
3,2,2,3,0,3,2,0,2525,1003.52
0,3,2,3,2,2,3,0,2580,1126.4
3,0,3,0,2,2,3,2,2664,1126.4
2,2,3,3,3,0,0,2,2683,1300.48
3,2,2,0,2,3,0,3,2774,1290.24
3,2,3,0,0,3,2,2,2794,808.96
3,0,2,2,0,3,3,2,2842,1280.0
0,2,2,3,3,0,3,2,2964,1198.08
3,2,3,0,3,2,0,2,2993,1095.68
0,2,0,2,3,2,3,3,301,378.88
2,0,3,3,0,3,2,2,3027,1228.8
3,2,0,2,3,2,0,3,3180,1167.36
2,3,2,0,2,3,3,0,3352,1157.12
3,3,3,2,0,2,2,0,3391,1320.96
3,2,2,0,3,3,0,2,3506,1157.12
3,0,3,2,0,2,2,3,3586,1402.88
0,3,0,2,3,2,3,2,3708,1157.12
3,2,2,2,3,0,0,3,3764,1218.56
3,0,2,3,2,0,3,2,4069,1413.12
3,2,0,2,3,3,2,0,4092,1536.0
2,0,0,3,3,2,3,2,582,307.2
3,2,3,0,3,2,2,0,613,471.04
2,3,2,2,3,0,0,3,635,860.16
2,0,2,3,2,0,3,3,636,604.16
3,0,3,2,0,3,2,2,849,583.68
3,2,3,2,2,0,0,3,874,409.6
3,2,2,3,2,3,0,0,87,235.52
0,2,3,2,0,3,3,2,956,634.88
0,3,2,0,2,2,3,3,957,655.36
2,3,2,3,0,2,3,0,967,389.12
0,3,2,3,0,2,2,2,1059,706.56
3,2,2,0,0,2,3,2,1065,819.2
3,2,0,2,0,2,3,2,1069,931.84
2,0,2,3,3,2,0,2,1148,583.68
2,2,3,0,3,2,2,0,1150,757.76
0,3,0,2,2,2,2,3,1188,727.04
3,2,0,2,0,3,2,2,1205,819.2
3,2,2,0,3,2,2,0,1290,686.08
2,0,2,2,0,2,3,3,1311,450.56
0,3,2,2,2,3,0,2,1355,819.2
0,3,2,2,0,2,2,3,1423,614.4
3,2,0,2,2,0,2,3,1469,931.84
3,2,0,3,2,0,2,2,1485,788.48
2,2,0,2,3,0,3,2,1487,849.92
0,2,2,2,2,3,3,0,160,286.72
0,2,2,3,3,2,0,2,1852,716.8
2,0,3,0,3,2,2,2,1865,696.32
2,2,3,0,2,2,3,0,2062,727.04
2,2,0,3,0,2,3,2,2138,880.64
0,2,3,3,2,2,2,0,2151,952.32
0,2,2,3,2,0,3,2,2157,1064.96
3,2,2,0,0,2,2,3,2282,1085.44
0,2,2,2,3,2,3,0,2492,880.64
3,0,3,2,0,2,2,2,2558,1013.76
0,3,2,3,2,0,2,2,2571,860.16
2,0,2,3,3,2,2,0,2638,1116.16
2,0,0,3,2,2,3,2,2642,1116.16
0,3,0,3,2,2,2,2,2651,1013.76
0,2,2,3,2,3,2,0,2888,1054.72
2,0,2,3,0,3,2,2,2891,1198.08
3,2,2,2,0,0,3,2,2985,1280.0
2,3,0,2,3,2,2,0,3266,1095.68
0,2,2,2,3,3,2,0,3422,1198.08
2,2,0,2,0,2,3,3,3591,1013.76
2,2,0,2,2,3,3,0,3642,1157.12
2,0,2,3,3,2,2,0,3703,1116.16
0,2,2,3,3,2,2,0,3737,1423.36
0,3,3,2,0,2,2,2,3743,1443.84
2,3,2,2,0,0,3,2,3785,1228.8
2,2,3,2,3,2,0,0,3899,1218.56
0,2,3,0,2,2,2,3,467,563.2
2,2,3,0,2,3,0,2,476,337.92
2,3,3,2,0,2,0,2,486,522.24
2,0,0,3,3,2,2,2,715,665.6
2,0,2,3,2,3,2,0,75,583.68
2,0,3,2,3,2,0,2,850,747.52
2,0,2,0,3,2,3,2,874,552.96
3,2,0,2,2,2,3,0,917,665.6
3,0,2,3,0,2,2,2,992,348.16
2,0,2,2,3,2,0,3,999,532.48
2,2,0,2,2,2,0,3,1066,481.28
0,3,2,0,2,2,2,2,1146,655.36
0,2,0,2,2,2,2,3,1154,634.88
2,0,3,0,2,2,2,2,1212,808.96
2,2,2,2,3,0,0,2,1362,634.88
2,3,2,2,0,2,2,0,1391,747.52
2,3,2,2,0,2,2,0,1411,460.8
0,0,2,2,2,2,2,3,1438,768.0
2,2,2,2,2,0,3,0,1439,583.68
3,0,2,2,0,2,2,2,1514,634.88
2,2,3,0,0,2,2,2,1542,757.76
2,0,2,2,0,2,2,3,1601,829.44
2,2,2,0,0,3,2,2,1647,624.64
3,2,2,2,2,0,2,0,2040,1034.24
2,0,3,2,2,2,2,0,2084,1095.68
3,2,2,2,0,2,2,0,2085,747.52
0,2,0,3,2,2,2,2,2097,1024.0
2,0,2,0,2,2,2,3,2100,911.36
2,2,3,0,2,0,2,2,2116,880.64
3,2,2,0,0,2,2,2,2216,768.0
0,2,2,3,0,2,2,2,2230,542.72
0,2,2,3,0,2,2,2,2277,1157.12
0,2,2,0,2,2,3,2,2285,768.0
2,2,0,2,2,2,0,3,231,256.0
3,0,2,2,2,0,2,2,2330,1013.76
3,2,2,2,0,2,2,0,2542,911.36
0,2,2,2,3,2,2,0,2583,1085.44
2,2,3,0,2,0,2,2,2818,1259.52
3,2,2,2,0,0,2,2,3178,1208.32
2,3,2,2,0,0,2,2,3284,1054.72
0,2,2,2,2,3,0,2,3344,1259.52
2,2,2,0,2,3,2,0,3361,1116.16
0,2,3,2,2,2,0,2,3626,1320.96
2,0,3,0,2,2,2,2,3636,1300.48
2,0,2,0,3,2,2,2,3670,1382.4
2,2,0,3,2,2,2,0,3909,1146.88
0,3,2,0,2,2,2,2,441,419.84
0,2,2,0,2,3,2,2,587,583.68
2,2,0,3,0,2,2,2,668,512.0
2,2,0,2,2,2,0,3,784,645.12
2,2,0,0,2,2,2,2,1174,389.12
2,2,0,0,2,2,2,2,1277,819.2
0,2,2,2,0,2,2,2,1348,727.04
2,2,2,0,2,2,2,0,1441,727.04
2,2,2,2,2,2,0,0,1473,583.68
2,2,0,2,2,2,2,0,1544,604.16
2,0,0,2,2,2,2,2,1629,931.84
2,0,2,2,2,2,0,2,1828,768.0
0,2,2,2,2,0,2,2,1905,686.08
2,2,0,2,0,2,2,2,190,624.64
2,2,0,2,0,2,2,2,196,133.12
2,2,0,2,2,2,0,2,1971,665.6
2,2,2,2,2,0,0,2,1977,1044.48
0,2,2,2,2,2,2,0,2136,1024.0
2,0,2,0,2,2,2,2,2205,1228.8
2,0,2,2,0,2,2,2,2216,675.84
2,2,0,2,2,2,0,2,2423,1187.84
2,2,2,2,2,2,0,0,2541,1146.88
0,2,0,2,2,2,2,2,2676,1024.0
2,2,0,2,0,2,2,2,2677,911.36
2,2,0,2,0,2,2,2,2740,1157.12
2,2,2,2,0,2,2,0,2746,747.52
2,2,0,2,0,2,2,2,2759,993.28
0,2,2,2,2,0,2,2,2806,972.8
0,0,2,2,2,2,2,2,284,245.76
2,0,2,2,0,2,2,2,2943,1136.64
0,2,2,0,2,2,2,2,2961,1044.48
2,2,2,0,2,2,0,2,308,583.68
2,0,2,2,2,0,2,2,3258,1187.84
2,0,2,2,2,0,2,2,3303,1341.44
2,2,2,2,2,2,0,0,3341,983.04
2,2,2,2,0,2,0,2,337,409.6
2,2,2,2,2,0,0,2,3512,1280.0
0,2,2,2,2,2,0,2,3515,1146.88
2,0,2,2,2,2,2,0,3523,1413.12
0,0,2,2,2,2,2,2,3632,1280.0
2,2,0,2,0,2,2,2,3702,1280.0
2,2,0,2,0,2,2,2,3710,1105.92
0,2,2,2,2,2,0,2,3724,1423.36
2,2,2,2,0,2,2,0,378,419.84
2,2,2,2,2,0,0,2,3869,1351.68
2,2,2,0,2,2,0,2,3903,1054.72
0,2,2,2,2,2,2,0,525,337.92
2,2,2,2,2,0,0,2,772,348.16
0,2,0,2,2,2,2,2,830,604.16
0,2,2,2,0,2,2,2,963,634.88
3,2,3,0,2,0,1,3,1071,563.2
3,3,3,0,2,2,0,1,1139,563.2
0,2,0,3,2,3,3,1,1189,522.24
2,3,1,3,0,3,2,0,1227,727.04
1,0,2,3,3,0,2,3,1254,727.04
3,3,0,2,1,0,3,2,1290,808.96
3,0,3,0,3,2,1,2,1340,675.84
1,3,3,0,2,2,3,0,1406,778.24
2,1,3,3,3,0,2,0,1446,901.12
3,1,2,3,0,2,0,3,1527,747.52
2,3,3,3,2,0,1,0,1600,583.68
3,2,1,3,0,2,0,3,1609,962.56
0,2,0,3,3,3,1,2,1664,788.48
2,0,1,3,0,3,3,2,1693,727.04
3,3,1,0,2,3,0,2,1696,788.48
3,2,2,0,3,3,0,1,1820,1013.76
3,0,3,2,3,1,0,2,1859,696.32
0,2,1,3,2,3,3,0,1913,778.24
2,3,3,2,0,3,1,0,2087,1105.92
0,2,3,2,3,0,3,1,2102,727.04
1,0,2,3,3,0,2,3,2106,1024.0
0,2,1,3,0,3,3,2,2384,1054.72
1,0,2,3,3,0,2,3,2405,737.28
2,0,1,0,2,3,3,3,2496,1054.72
0,3,2,3,2,3,1,0,24,348.16
3,0,2,1,2,3,3,0,2658,1187.84
3,2,2,1,0,3,0,3,2718,1085.44
2,3,2,1,0,3,3,0,2767,1024.0
0,3,2,2,3,1,3,0,277,204.8
0,1,2,3,2,0,3,3,2986,1300.48
0,3,1,2,3,2,0,3,300,450.56
2,0,3,3,0,2,3,1,3011,1044.48
3,1,3,0,0,2,2,3,3114,1024.0
3,1,2,3,2,3,0,0,3133,1167.36
3,3,2,0,2,0,1,3,3140,890.88
0,3,0,3,3,2,1,2,3181,1259.52
2,2,3,0,3,0,1,3,3363,1136.64
3,0,3,1,2,3,0,2,3368,1331.2
1,3,0,3,2,0,2,3,3434,1382.4
0,1,2,3,2,3,0,3,3463,1167.36
2,1,3,3,0,2,0,3,3481,1218.56
0,3,0,2,2,1,3,3,3489,1208.32
3,1,2,2,3,0,0,3,3535,1351.68
3,0,1,0,3,2,2,3,3615,1484.8
3,3,1,0,0,2,3,2,3803,1433.6
2,0,3,1,3,2,3,0,3812,1351.68
2,3,1,0,3,3,2,0,3930,1566.72
3,0,1,3,2,0,2,3,3936,1464.32
2,1,3,2,0,3,3,0,3948,1187.84
2,1,0,3,2,0,3,3,3957,1228.8
1,3,0,0,3,2,3,2,3961,1474.56
2,3,0,3,2,1,0,3,3962,1249.28
3,3,0,3,0,2,1,2,3993,1198.08
0,2,0,2,1,3,3,3,433,583.68
3,3,0,2,0,3,2,1,609,542.72
3,2,0,3,3,0,2,1,712,604.16
0,3,0,2,1,3,2,3,762,583.68
3,0,3,1,2,2,0,3,867,522.24
2,3,2,0,3,0,1,3,879,471.04
3,3,2,2,3,0,1,0,87,399.36
3,2,3,2,2,0,0,1,1023,491.52
3,0,2,3,2,1,2,0,105,522.24
1,0,2,3,2,2,0,3,1073,880.64
1,3,2,0,0,2,2,3,1137,696.32
0,2,1,3,2,0,3,2,1152,614.4
0,3,1,2,2,0,3,2,1170,655.36
0,0,2,1,3,2,2,3,1243,604.16
0,2,3,2,1,3,0,2,1387,890.88
3,2,0,3,0,2,2,1,1388,768.0
3,0,0,1,2,2,2,3,1500,706.56
0,3,0,2,2,3,1,2,1568,849.92
3,2,0,0,1,2,3,2,1599,808.96
2,3,0,0,2,1,3,2,1658,921.6
0,3,2,3,0,1,2,2,1674,634.88
2,2,3,3,0,1,2,0,1753,778.24
2,0,2,0,1,3,2,3,1812,819.2
2,0,2,3,2,0,1,3,1898,768.0
1,0,0,3,3,2,2,2,1961,993.28
2,3,3,1,2,2,0,0,1973,757.76
0,2,2,1,0,3,3,2,2311,696.32
1,2,0,2,3,2,0,3,2334,1075.2
2,2,3,0,0,3,2,1,2384,808.96
3,0,2,2,1,2,0,3,2574,1136.64
0,1,0,3,2,3,2,2,257,542.72
3,2,2,3,0,0,2,1,2671,1085.44
2,0,3,0,2,3,2,1,2672,1208.32
3,2,0,1,2,3,0,2,2694,880.64
2,3,2,0,0,3,1,2,2729,1198.08
3,0,0,3,2,2,2,1,3048,1280.0
2,0,0,2,3,1,2,3,3125,1095.68
2,2,1,3,0,2,3,0,3334,1341.44
2,3,1,2,3,0,2,0,339,532.48
1,0,2,3,3,2,2,0,3407,1402.88
3,2,3,2,0,2,0,1,3506,1259.52
2,0,2,2,3,3,0,1,3677,1044.48
0,1,2,2,2,3,0,3,368,563.2
1,0,3,0,2,2,3,2,3787,1464.32
0,3,1,2,3,2,0,2,3947,1546.24
0,1,2,0,2,2,3,3,3963,1443.84
2,2,3,0,1,3,0,2,4008,1300.48
3,2,3,2,0,2,1,0,4027,1515.52
2,0,3,2,2,3,0,1,509,245.76
0,0,1,2,2,2,3,3,696,491.52
3,2,0,2,2,1,0,3,71,471.04
0,2,3,2,2,0,3,1,724,696.32
0,3,2,2,1,0,2,3,781,604.16
3,0,2,2,2,0,3,1,795,696.32
2,0,2,1,2,2,0,3,1041,624.64
0,2,2,2,0,3,2,1,1062,573.44
2,2,1,3,0,2,2,0,1079,686.08
2,3,2,0,2,0,2,1,1101,460.8
3,2,2,2,0,0,2,1,1172,839.68
2,2,0,2,1,2,3,0,118,542.72
0,3,2,0,1,2,2,2,1193,583.68
1,2,3,2,2,0,0,2,1268,706.56
3,2,2,1,0,2,2,0,1481,921.6
2,1,2,2,2,0,0,3,1482,983.04
1,2,2,3,0,2,2,0,1602,665.6
2,0,2,0,2,1,2,3,163,368.64
2,1,0,2,2,0,3,2,1849,860.16
2,0,3,1,0,2,2,2,188,450.56
0,1,2,0,3,2,2,2,1907,1013.76
2,0,0,2,3,2,2,1,2039,1064.96
0,1,2,2,3,2,0,2,2095,675.84
2,3,2,0,2,0,2,1,2151,829.44
2,2,2,3,0,1,0,2,2189,962.56
0,2,2,1,0,2,2,3,2308,1085.44
1,2,0,3,2,2,2,0,2423,880.64
0,3,2,2,0,1,2,2,2436,870.4
2,0,3,2,2,2,1,0,2496,1095.68
3,0,2,2,0,2,2,1,2610,1044.48
2,3,2,2,0,0,2,1,2650,983.04
1,2,0,2,2,2,0,3,2681,839.68
2,2,0,2,3,1,0,2,2724,890.88
3,2,0,2,1,2,2,0,2802,1177.6
0,2,3,2,0,2,2,1,2848,993.28
2,2,1,2,2,3,0,0,2895,993.28
2,1,0,2,0,2,3,2,3012,1116.16
0,2,3,2,2,2,0,1,3118,1392.64
2,0,3,1,0,2,2,2,3122,1454.08
1,2,2,2,0,0,3,2,3164,1013.76
0,3,2,1,0,2,2,2,316,512.0
0,3,1,2,2,0,2,2,3377,1372.16
0,2,3,2,2,1,2,0,3686,1105.92
0,0,2,2,2,1,3,2,3723,1464.32
2,2,1,2,3,0,2,0,3857,1177.6
0,0,1,2,2,3,2,2,3875,1331.2
0,2,2,0,2,3,2,1,3991,1566.72
0,3,2,1,2,0,2,2,41,348.16
0,1,2,2,2,3,0,2,441,686.08
2,2,0,0,2,3,1,2,46,245.76
2,0,0,1,2,3,2,2,536,604.16
0,3,2,0,2,2,2,1,687,440.32
2,2,2,0,0,3,2,1,845,768.0
1,0,2,2,2,0,2,2,1113,808.96
2,0,1,2,2,0,2,2,1208,747.52
0,0,2,2,2,1,2,2,1214,911.36
0,2,2,2,2,2,1,0,1364,552.96
2,2,2,2,2,1,0,0,1472,706.56
0,2,0,2,2,2,1,2,1575,399.36
2,2,2,0,2,1,2,0,167,501.76
0,0,1,2,2,2,2,2,1766,768.0
0,1,2,0,2,2,2,2,182,512.0
2,0,2,2,2,2,0,1,183,419.84
0,2,2,0,2,2,2,1,1896,983.04
1,0,2,2,0,2,2,2,1961,1105.92
2,0,2,1,2,2,2,0,2168,870.4
2,2,0,1,2,2,2,0,2269,983.04
0,2,2,2,0,2,1,2,2276,1064.96
2,2,2,0,0,1,2,2,2314,1167.36
2,2,0,2,1,2,0,2,2389,993.28
0,2,2,1,2,0,2,2,2399,921.6
0,2,0,2,1,2,2,2,2418,1044.48
2,2,2,1,2,0,0,2,2493,931.84
2,2,2,2,0,1,2,0,254,532.48
0,1,2,0,2,2,2,2,2612,911.36
1,2,0,0,2,2,2,2,2667,1218.56
0,2,2,1,2,0,2,2,2709,798.72
2,0,2,2,0,1,2,2,2792,993.28
2,0,1,2,2,0,2,2,2816,1044.48
2,2,2,0,0,2,1,2,2827,1085.44
0,2,1,2,2,2,0,2,283,440.32
2,0,2,2,1,0,2,2,2943,1157.12
1,2,2,0,2,2,2,0,2960,972.8
2,0,2,2,1,0,2,2,2967,1034.24
0,2,0,1,2,2,2,2,3109,890.88
2,2,0,2,0,1,2,2,3140,972.8
0,2,0,2,2,1,2,2,3161,931.84
2,2,2,1,2,0,2,0,3170,1310.72
1,0,2,0,2,2,2,2,3220,1198.08
2,2,0,0,2,2,1,2,3310,1034.24
2,2,1,2,0,2,0,2,3393,1259.52
1,0,2,2,2,2,0,2,3472,880.64
0,2,2,1,2,2,0,2,347,378.88
2,2,2,0,2,1,0,2,3741,1290.24
0,2,0,2,1,2,2,2,3882,1505.28
1,0,2,2,2,2,2,0,4093,1536.0
2,2,0,2,2,0,2,1,566,481.28
0,2,2,1,2,0,2,2,730,788.48
0,2,2,2,2,2,1,0,82,358.4
2,2,0,0,2,2,1,2,838,512.0
0,2,3,0,2,3,0,3,1040,634.88
2,2,0,3,0,0,3,3,1053,604.16
0,3,2,2,3,0,3,0,1128,819.2
3,3,0,3,0,0,2,2,1182,634.88
3,2,3,2,0,3,0,0,1239,665.6
3,2,0,0,0,2,3,3,1263,747.52
0,0,3,2,2,3,0,3,1347,419.84
2,0,2,3,0,3,3,0,1481,399.36
0,0,3,0,3,3,2,2,1545,665.6
3,0,2,3,2,0,0,3,1636,768.0
3,2,3,2,0,0,3,0,1735,829.44
3,2,0,0,3,3,2,0,1813,880.64
0,0,3,2,2,3,3,0,211,552.96
0,0,3,0,2,3,2,3,2200,983.04
3,3,3,2,0,0,0,2,2220,870.4
3,2,0,2,0,3,0,3,2257,860.16
0,2,3,3,2,0,0,3,2258,1064.96
3,0,0,2,3,2,0,3,2260,983.04
2,3,3,0,2,3,0,0,2317,1024.0
3,0,0,2,3,3,2,0,2498,1064.96
2,3,2,0,0,3,3,0,2620,829.44
0,0,2,3,0,3,3,2,2641,1157.12
3,0,0,2,2,0,3,3,2730,972.8
0,0,3,3,3,0,2,2,2911,1034.24
0,0,3,2,0,3,2,3,2928,1146.88
2,0,3,3,0,0,2,3,321,440.32
0,3,0,2,3,2,3,0,3259,1187.84
2,0,0,3,2,3,3,0,3393,1228.8
3,3,0,2,0,2,0,3,3526,1484.8
0,0,2,2,0,3,3,3,3587,1146.88
0,0,2,3,2,0,3,3,3680,1034.24
2,3,3,0,3,2,0,0,368,471.04
2,3,3,0,3,2,0,0,3781,1495.04
0,3,3,3,0,2,0,2,3916,1464.32
0,3,2,0,3,2,3,0,3943,1433.6
0,0,2,3,3,2,0,3,4018,1495.04
2,3,0,2,0,0,3,3,439,573.44
3,2,0,3,0,2,3,0,549,686.08
2,2,3,3,0,0,0,3,599,655.36
2,2,3,0,0,3,3,0,627,512.0
3,2,0,3,2,3,0,0,672,491.52
0,0,2,3,3,2,3,0,722,675.84
3,0,3,0,2,3,2,0,75,317.44
0,2,0,3,3,3,2,0,784,471.04
0,3,0,3,0,2,2,3,87,522.24
3,2,0,3,2,0,0,3,956,573.44
3,0,2,0,3,3,0,2,990,563.2
2,2,3,0,2,3,0,0,1048,737.28
0,3,2,0,2,3,2,0,1057,440.32
3,0,0,0,2,2,2,3,1066,788.48
2,3,0,3,2,2,0,0,1152,573.44
0,0,2,3,2,0,3,2,1164,819.2
3,3,2,2,0,0,0,2,1262,583.68
3,0,0,0,3,2,2,2,133,389.12
2,2,3,0,0,2,0,3,1400,962.56
3,3,2,2,0,2,0,0,1523,962.56
3,0,0,3,2,2,0,2,1561,829.44
2,0,2,2,3,3,0,0,1595,737.28
0,0,2,2,2,3,3,0,166,552.96
2,0,2,0,2,0,3,3,1674,890.88
2,3,0,0,2,3,2,0,1710,583.68
2,0,0,0,2,2,3,3,1982,1075.2
3,0,0,2,2,0,3,2,1999,737.28
3,3,0,2,2,0,0,2,2061,1034.24
0,0,2,2,3,3,2,0,2151,1095.68
3,0,0,3,2,0,2,2,2207,1024.0
3,2,2,2,0,3,0,0,2223,860.16
3,0,3,2,0,2,2,0,2296,1013.76
3,0,2,2,0,3,2,0,232,583.68
3,0,3,2,0,0,2,2,238,450.56
3,0,2,3,0,2,0,2,2441,1044.48
0,2,2,3,0,3,2,0,264,634.88
0,2,0,0,3,2,3,2,2905,1249.28
3,2,2,0,0,3,2,0,2993,1146.88
2,2,0,3,2,3,0,0,3027,1105.92
2,3,0,0,2,2,0,3,3071,911.36
2,2,3,3,0,2,0,0,3155,1280.0
0,2,0,3,2,0,3,2,3171,1034.24
2,3,0,3,0,0,2,2,3246,1167.36
2,2,0,2,0,0,3,3,3393,1239.04
2,0,3,3,0,0,2,2,3399,983.04
0,0,2,3,3,0,2,2,3424,1054.72
0,0,0,2,3,2,2,3,3444,1146.88
0,2,0,0,3,2,3,2,3446,1300.48
2,2,0,2,3,3,0,0,3452,1454.08
3,2,2,2,3,0,0,0,3568,1443.84
0,0,2,0,3,3,2,2,3665,1208.32
2,3,3,0,0,0,2,2,37,512.0
3,3,0,2,2,0,2,0,3879,1402.88
0,2,3,2,3,0,0,2,3950,1597.44
0,2,2,3,0,2,0,3,397,450.56
2,3,0,2,0,0,3,2,428,358.4
0,0,2,3,2,2,0,3,47,542.72
2,0,3,3,2,0,2,0,503,624.64
2,3,0,0,2,2,0,3,533,870.4
2,2,0,0,0,3,3,2,567,358.4
3,3,2,2,0,2,0,0,652,696.32
3,2,2,0,0,0,3,2,932,512.0
0,3,0,2,2,0,2,2,1007,471.04
0,0,2,2,2,0,2,3,122,399.36
3,0,2,2,2,0,0,2,123,512.0
0,0,3,0,2,2,2,2,1279,737.28
2,0,2,3,2,0,2,0,1339,655.36
0,2,0,0,2,2,3,2,1647,1116.16
0,2,3,2,2,0,2,0,1710,911.36
2,2,2,0,2,3,0,0,1803,880.64
2,0,3,0,2,0,2,2,1835,727.04
0,2,2,2,3,0,2,0,1894,921.6
2,3,0,2,0,2,2,0,1964,952.32
0,2,2,2,0,2,3,0,2229,890.88
2,0,2,2,0,2,3,0,2245,1187.84
2,2,2,0,3,2,0,0,2261,839.68
2,0,0,2,2,2,0,3,2314,829.44
2,0,0,2,0,2,3,2,2510,757.76
2,0,0,2,3,2,0,2,2626,1064.96
2,0,0,2,0,2,3,2,2785,931.84
2,2,3,0,0,2,2,0,2796,1034.24
3,0,2,2,0,2,2,0,2809,931.84
3,2,0,0,2,2,2,0,281,542.72
2,2,0,3,0,0,2,2,2866,880.64
0,0,2,0,2,3,2,2,2913,1198.08
0,2,0,3,2,2,2,0,3062,962.56
2,0,2,0,2,2,3,0,3426,1085.44
0,2,3,2,2,0,0,2,3451,1413.12
3,2,0,2,0,2,2,0,3501,1495.04
0,2,2,3,2,2,0,0,357,307.2
0,3,2,2,2,2,0,0,3604,1413.12
2,3,2,0,0,2,2,0,3631,1341.44
2,2,2,0,3,0,0,2,3663,1720.32
2,0,2,0,0,3,2,2,3858,1239.04
2,3,0,2,0,2,2,0,4042,1546.24
2,0,2,0,3,2,0,2,4074,1484.8
2,2,2,0,3,0,2,0,418,368.64
0,2,0,2,0,3,2,2,441,522.24
2,3,2,0,2,0,0,2,613,604.16
2,0,3,2,2,2,0,0,672,552.96
0,2,0,2,2,3,2,0,78,419.84
2,3,2,2,0,2,0,0,819,860.16
0,0,3,2,2,0,2,2,878,460.8
2,0,0,2,3,0,2,2,951,839.68
2,2,2,0,2,0,2,0,1072,983.04
2,0,2,0,2,2,2,0,1163,501.76
2,2,0,0,2,2,2,0,1181,604.16
2,2,0,2,0,2,2,0,1351,655.36
2,2,0,0,0,2,2,2,1631,757.76
2,0,2,2,2,0,2,0,1690,901.12
0,2,2,2,0,2,0,2,1729,880.64
0,2,2,0,2,2,2,0,1800,532.48
2,0,2,0,2,2,2,0,1858,1024.0
2,0,0,0,2,2,2,2,2002,880.64
2,2,2,0,0,2,0,2,2087,788.48
2,2,2,0,2,2,0,0,2199,829.44
2,2,0,2,2,0,0,2,2378,880.64
2,0,0,2,0,2,2,2,2380,829.44
0,2,0,0,2,2,2,2,2604,901.12
0,2,2,2,0,2,0,2,2611,880.64
2,0,2,2,0,2,0,2,2793,747.52
0,0,2,2,2,2,0,2,2840,972.8
0,2,2,2,0,2,2,0,3457,1208.32
2,2,0,2,0,2,2,0,34,256.0
0,2,2,2,0,2,2,0,3593,1208.32
2,0,2,2,0,2,2,0,3606,1085.44
0,0,2,2,2,2,2,0,3680,1259.52
2,0,2,2,2,0,2,0,3732,1382.4
0,0,0,2,2,2,2,2,3773,972.8
2,2,0,2,2,0,2,0,3801,1239.04
0,2,0,2,0,2,2,2,393,634.88
2,0,2,0,2,2,2,0,439,327.68
2,2,2,2,0,0,2,0,496,184.32
0,0,2,2,2,2,2,0,597,593.92
2,2,0,2,0,2,2,0,775,675.84
0,2,2,2,0,2,2,0,871,583.68
2,0,2,2,2,0,0,2,973,389.12
0,1,0,3,3,3,0,2,102,225.28
0,1,3,0,2,3,3,0,104,419.84
3,0,2,3,1,0,0,3,1087,788.48
0,1,3,2,3,0,3,0,1227,860.16
3,2,1,0,3,3,0,0,1231,593.92
3,2,0,0,0,1,3,3,1286,931.84
0,0,1,3,3,0,3,2,1355,1044.48
2,1,3,0,0,3,3,0,139,317.44
0,0,0,3,2,3,3,1,1590,1075.2
3,0,0,3,0,1,3,2,1686,890.88
2,0,3,3,1,0,3,0,1695,911.36
0,3,0,3,2,1,0,3,1707,686.08
0,3,0,3,0,3,2,1,1726,1024.0
3,3,0,0,2,0,3,1,174,440.32
0,3,1,0,0,2,3,3,1839,686.08
0,0,2,0,3,3,3,1,1871,675.84
0,2,1,3,0,3,3,0,1899,491.52
1,3,3,0,3,0,2,0,190,92.16
3,0,1,3,0,3,2,0,1993,1044.48
1,3,2,0,0,3,0,3,212,399.36
0,3,3,2,3,0,0,1,2251,993.28
0,2,0,1,3,3,3,0,2261,808.96
1,3,0,0,3,0,2,3,2271,778.24
3,0,0,2,1,0,3,3,2276,993.28
0,3,3,0,2,0,1,3,2285,962.56
0,0,3,2,1,0,3,3,2325,931.84
3,0,0,1,2,0,3,3,2347,983.04
0,0,3,0,3,2,1,3,2364,778.24
3,3,0,2,3,0,1,0,2418,1075.2
0,2,3,0,3,3,1,0,2440,1218.56
2,3,1,0,3,0,0,3,255,604.16
2,3,1,3,3,0,0,0,2614,1126.4
3,0,0,3,2,0,1,3,2662,921.6
3,0,3,0,2,3,1,0,2670,890.88
3,1,0,2,3,3,0,0,2837,1034.24
3,3,0,0,1,3,0,2,283,440.32
3,0,3,0,2,0,1,3,2843,911.36
0,1,3,3,0,3,2,0,2993,1044.48
0,3,0,3,3,0,2,1,3100,911.36
3,3,0,0,3,1,0,2,3178,1136.64
2,0,1,3,0,3,3,0,3215,1351.68
0,2,3,0,1,3,0,3,3249,1228.8
2,3,3,3,1,0,0,0,3280,1331.2
2,3,0,0,1,3,0,3,3514,1280.0
0,3,0,3,1,3,0,2,3539,1576.96
0,3,0,3,3,0,2,1,3637,1290.24
0,0,3,2,1,0,3,3,3639,1300.48
0,1,3,3,3,0,0,2,3825,1157.12
3,2,0,3,3,0,1,0,3901,1474.56
1,0,3,0,3,3,0,2,3993,1607.68
2,3,0,0,1,3,3,0,4020,1320.96
3,0,2,0,3,1,3,0,4035,1310.72
2,0,1,3,0,0,3,3,4056,1198.08
0,3,1,3,3,0,0,2,500,501.76
3,0,3,3,0,0,2,1,553,440.32
2,0,0,3,0,1,3,3,590,901.12
2,0,3,0,0,3,1,3,61,471.04
3,3,0,1,0,3,2,0,620,634.88
3,0,0,2,1,3,0,3,750,634.88
0,3,2,0,3,0,3,1,830,460.8
2,0,0,3,3,0,1,3,88,419.84
2,3,0,0,1,3,0,3,958,460.8
2,3,3,0,0,1,3,0,979,593.92
0,0,3,3,2,0,1,2,1025,696.32
0,0,3,2,1,2,3,0,1035,727.04
0,3,0,2,1,0,3,2,1149,624.64
2,1,0,0,3,2,0,3,1324,624.64
2,2,1,0,0,3,3,0,1333,747.52
1,3,0,3,0,2,2,0,1413,860.16
3,0,3,1,0,2,0,2,1578,768.0
1,0,3,2,2,3,0,0,1582,808.96
2,3,0,2,0,3,1,0,1647,808.96
0,2,0,1,2,3,3,0,1715,911.36
0,1,2,3,0,3,2,0,1802,665.6
3,2,3,0,0,0,2,1,1865,768.0
0,3,0,2,2,3,1,0,18,471.04
1,3,0,2,0,3,0,2,1943,737.28
0,3,0,3,2,0,1,2,1977,952.32
0,0,0,1,2,3,3,2,2004,993.28
0,2,1,2,3,0,0,3,2044,962.56
0,1,2,0,0,3,3,2,2078,624.64
0,2,3,1,0,0,3,2,2083,808.96
0,0,2,3,0,3,1,2,2155,1054.72
3,3,0,2,1,2,0,0,2327,962.56
2,0,0,3,3,2,0,1,2418,962.56
0,0,2,2,1,3,0,3,2467,860.16
2,1,3,0,2,0,0,3,2507,1024.0
0,2,2,3,1,0,0,3,2514,860.16
0,3,2,1,3,0,2,0,2516,952.32
3,0,0,2,3,1,0,2,2562,1208.32
3,0,2,2,1,0,3,0,2605,849.92
3,1,0,3,0,2,0,2,2766,819.2
3,2,1,0,3,0,0,2,2830,1208.32
2,1,2,3,0,0,0,3,321,440.32
0,2,1,0,2,3,0,3,327,348.16
0,1,3,3,2,0,0,2,3438,1382.4
2,0,3,2,0,0,1,3,349,593.92
3,3,1,0,2,0,0,2,3521,1382.4
0,0,2,3,3,2,1,0,3595,1310.72
3,1,0,2,0,2,0,3,3596,1331.2
0,1,3,0,2,3,2,0,3743,1239.04
2,0,3,0,1,0,3,2,3861,1392.64
3,2,0,2,1,0,0,3,3885,1505.28
0,3,1,0,2,2,0,3,4027,1351.68
3,1,2,0,0,3,0,2,4045,1269.76
2,2,0,3,0,3,1,0,4071,1464.32
3,0,3,0,2,0,1,2,418,686.08
3,0,2,1,2,0,3,0,444,399.36
3,3,0,2,0,1,0,2,489,471.04
0,2,1,3,0,0,2,3,498,440.32
0,3,0,1,2,3,2,0,607,624.64
2,3,3,0,1,0,2,0,710,399.36
2,0,1,3,0,2,0,3,839,675.84
0,2,1,2,3,0,0,3,880,634.88
1,3,0,2,2,0,0,3,946,552.96
1,3,2,0,0,2,2,0,1080,757.76
0,0,3,1,2,0,2,2,1133,768.0
0,0,2,0,3,1,2,2,1135,727.04
2,2,0,1,3,0,0,2,1250,583.68
3,0,2,1,0,2,2,0,1395,491.52
0,3,2,0,2,0,1,2,1683,716.8
0,2,0,0,2,1,2,3,1809,972.8
2,2,1,3,0,0,0,2,1818,1003.52
1,3,2,2,0,0,2,0,2130,849.92
2,0,0,0,1,2,2,3,223,624.64
0,2,2,3,0,0,1,2,2295,1024.0
0,3,2,0,1,0,2,2,2303,1095.68
2,0,1,0,3,2,2,0,2491,962.56
3,0,2,0,2,0,1,2,2493,1187.84
0,2,2,3,0,1,0,2,2503,788.48
2,1,0,2,3,0,2,0,2604,1157.12
3,0,2,2,2,0,0,1,2698,921.6
0,1,0,2,3,2,0,2,276,389.12
0,1,3,2,0,0,2,2,2885,1085.44
0,1,3,0,2,0,2,2,291,532.48
2,0,0,1,2,3,2,0,3100,972.8
0,2,2,1,2,0,0,3,3286,1198.08
1,2,0,0,2,3,0,2,3352,1075.2
0,3,1,2,0,0,2,2,3433,1495.04
0,0,3,2,1,2,2,0,3447,1259.52
2,1,2,0,3,0,2,0,3453,1341.44
2,1,0,2,0,2,0,3,3496,1402.88
2,3,0,2,0,2,0,1,3582,1095.68
2,2,1,0,2,0,3,0,3600,931.84
2,2,2,1,0,3,0,0,3664,1187.84
1,2,2,3,0,0,2,0,3897,1218.56
0,1,2,2,0,0,2,3,3906,1208.32
3,1,2,2,0,0,0,2,400,327.68
2,0,1,3,0,2,2,0,4074,1095.68
0,0,0,1,3,2,2,2,509,409.6
0,2,2,0,3,2,1,0,754,552.96
3,2,0,2,2,1,0,0,857,358.4
2,1,2,0,0,3,2,0,9,256.0
2,2,0,0,2,1,2,0,1061,593.92
0,0,1,0,2,2,2,2,1071,634.88
0,0,2,0,1,2,2,2,1371,604.16
0,2,0,2,0,2,1,2,1408,440.32
2,2,2,2,0,1,0,0,1579,696.32
2,2,2,2,1,0,0,0,1614,727.04
2,0,2,0,2,2,0,1,162,737.28
1,2,0,2,2,0,2,0,1695,911.36
1,2,0,2,0,2,0,2,1838,890.88
2,2,0,0,1,2,0,2,18,235.52
1,0,0,2,2,0,2,2,2128,1013.76
0,0,2,2,0,2,2,1,2208,839.68
2,0,2,1,0,2,2,0,2299,788.48
2,2,2,0,0,0,2,1,2308,901.12
0,2,1,2,0,2,2,0,2360,747.52
2,1,0,0,0,2,2,2,2503,972.8
2,0,0,2,1,2,2,0,2580,1167.36
0,2,2,0,2,2,1,0,2614,798.72
2,1,2,0,0,0,2,2,2619,1034.24
2,0,0,2,0,2,1,2,307,378.88
0,2,2,2,0,0,1,2,3104,952.32
2,2,1,2,0,2,0,0,310,235.52
2,0,0,1,2,2,0,2,3140,1361.92
0,0,2,2,0,2,2,1,3195,1228.8
0,2,1,2,2,0,0,2,3505,1064.96
1,2,0,0,2,0,2,2,3620,1024.0
2,2,2,0,0,1,0,2,3661,1003.52
2,2,1,0,0,0,2,2,3702,1320.96
1,2,0,2,0,0,2,2,3781,1525.76
2,2,1,0,0,0,2,2,4083,1136.64
2,2,2,0,1,0,2,0,453,491.52
2,2,2,2,1,0,0,0,476,512.0
2,0,1,2,0,2,0,2,581,471.04
0,2,2,0,1,2,0,2,645,460.8
0,3,0,3,0,2,3,0,1011,757.76
3,0,3,0,3,0,0,2,1068,655.36
0,0,0,3,2,3,0,3,1411,716.8
3,3,3,0,0,2,0,0,150,481.28
0,3,0,0,3,0,2,3,1591,788.48
2,3,0,0,0,3,3,0,1725,747.52
3,0,0,2,0,3,3,0,1845,747.52
2,0,3,0,0,3,0,3,1857,1198.08
0,3,3,3,0,2,0,0,1939,972.8
3,0,3,2,0,0,3,0,1946,880.64
3,2,0,0,0,3,3,0,1968,983.04
3,0,2,0,3,0,0,3,2045,870.4
2,3,0,0,3,0,3,0,2050,962.56
3,0,3,3,2,0,0,0,2071,727.04
0,0,3,3,0,0,2,3,2095,1054.72
0,0,3,0,0,3,2,3,2101,901.12
3,3,0,2,0,0,3,0,2165,788.48
0,0,0,2,3,0,3,3,2234,880.64
0,0,3,0,3,0,3,2,2239,860.16
0,0,3,0,3,2,3,0,2403,747.52
3,0,2,0,3,3,0,0,2473,890.88
0,2,3,0,3,3,0,0,2597,1187.84
3,0,0,3,0,2,0,3,2638,1044.48
3,0,3,0,0,3,2,0,263,665.6
3,0,3,0,2,3,0,0,2781,1136.64
3,0,0,3,3,0,2,0,2841,1013.76
0,3,3,0,0,2,3,0,2852,1136.64
3,0,3,3,2,0,0,0,2983,1228.8
0,0,3,3,0,2,3,0,302,440.32
0,3,3,3,0,0,0,2,3045,1239.04
0,3,2,0,3,0,3,0,3062,1116.16
3,0,3,0,3,0,0,2,3202,931.84
3,3,0,0,2,3,0,0,3261,1157.12
0,3,0,2,3,3,0,0,3266,1372.16
2,3,0,3,0,0,3,0,32,337.92
0,3,3,3,0,0,0,2,3370,1228.8
0,3,0,0,2,3,0,3,3428,1249.28
0,0,3,0,3,0,3,2,3477,1505.28
0,0,3,2,0,3,0,3,356,317.44
0,0,3,0,2,3,0,3,3571,1382.4
0,0,3,0,2,0,3,3,366,317.44
0,2,0,3,0,3,0,3,3699,1464.32
3,2,0,3,3,0,0,0,3955,1423.36
0,3,0,3,0,2,3,0,4094,1505.28
3,3,0,2,0,0,0,3,490,471.04
0,3,2,0,3,0,0,3,523,215.04
2,0,3,0,3,0,0,3,661,706.56
3,0,0,0,3,0,2,3,67,256.0
0,3,0,0,3,0,2,3,708,419.84
0,0,2,3,0,3,0,3,715,645.12
3,0,2,3,0,0,0,3,768,686.08
3,0,3,0,0,2,3,0,79,552.96
0,3,3,0,2,0,3,0,887,727.04
3,3,3,0,0,0,2,0,922,808.96
0,2,3,0,3,3,0,0,962,645.12
3,2,0,3,0,3,0,0,978,778.24
3,0,2,0,2,3,0,0,1581,1024.0
3,2,3,0,0,2,0,0,1659,778.24
0,2,0,0,3,3,0,2,1749,983.04
3,0,0,0,2,0,2,3,1754,880.64
0,0,3,2,2,0,3,0,1848,778.24
3,3,2,2,0,0,0,0,1883,890.88
0,3,0,2,0,3,0,2,191,389.12
0,2,3,2,3,0,0,0,1928,911.36
0,2,3,0,2,0,3,0,2163,972.8
2,3,0,0,0,2,0,3,2294,768.0
2,2,0,0,0,0,3,3,2635,1024.0
0,0,2,3,0,0,2,3,2715,1228.8
3,0,2,0,2,0,0,3,2818,1024.0
3,3,2,0,0,2,0,0,3104,1341.44
2,3,3,0,0,0,2,0,3165,1116.16
3,0,2,3,0,0,2,0,3315,901.12
0,2,0,0,3,0,3,2,33,348.16
2,0,0,0,0,2,3,3,3438,1064.96
0,3,0,2,0,0,2,3,3443,1126.4
0,0,2,3,0,0,3,2,3529,1372.16
3,0,0,2,2,0,0,3,3545,1484.8
3,0,2,0,2,0,0,3,3622,1372.16
2,3,2,0,0,0,0,3,3674,1095.68
2,0,0,3,3,0,0,2,3702,1413.12
0,0,0,0,3,2,2,3,3861,1505.28
2,0,0,3,3,2,0,0,3984,1556.48
0,3,3,0,2,0,2,0,472,327.68
2,0,3,0,0,0,3,2,690,552.96
3,0,3,2,0,2,0,0,74,348.16
0,0,3,3,0,2,0,2,754,675.84
2,2,0,0,0,3,3,0,767,348.16
3,2,0,2,0,3,0,0,771,645.12
3,0,2,3,0,0,2,0,874,716.8
2,0,0,2,3,0,0,3,972,419.84
0,3,2,0,0,2,0,2,1015,624.64
0,2,0,3,0,2,0,2,1130,757.76
0,0,3,0,2,2,2,0,115,481.28
0,2,0,2,3,2,0,0,1254,727.04
2,2,0,2,0,0,0,3,1281,512.0
0,0,2,2,0,2,3,0,1300,788.48
3,0,2,0,0,2,2,0,1309,450.56
0,2,2,0,2,3,0,0,159,757.76
2,2,0,0,0,3,2,0,1690,839.68
0,0,2,2,0,0,3,2,1700,860.16
3,2,0,2,0,0,0,2,2057,1075.2
2,0,2,0,0,2,0,3,2094,1095.68
2,0,0,0,0,2,2,3,2141,901.12
2,0,3,2,0,0,0,2,2224,727.04
2,2,0,2,0,0,3,0,2394,1116.16
2,0,0,2,0,0,2,3,2415,1064.96
0,0,0,2,2,2,3,0,2473,727.04
2,0,0,3,0,2,0,2,2511,1095.68
2,0,2,2,0,0,3,0,2588,870.4
0,0,2,0,2,0,3,2,2633,952.32
0,2,0,0,3,2,2,0,2686,942.08
0,0,2,3,0,0,2,2,2974,1249.28
2,3,2,2,0,0,0,0,301,307.2
0,3,0,2,0,2,2,0,3110,1105.92
0,0,2,2,3,2,0,0,3132,1310.72
2,0,0,0,3,0,2,2,3141,1095.68
2,0,3,0,2,0,2,0,3408,1310.72
2,0,2,0,2,0,0,3,3565,1443.84
3,2,0,2,2,0,0,0,3701,1413.12
2,0,3,2,0,0,0,2,3815,1187.84
0,2,2,3,2,0,0,0,3900,1146.88
3,2,0,2,0,0,2,0,43,296.96
2,0,0,2,0,3,2,0,554,491.52
0,0,0,3,2,0,2,2,562,491.52
0,2,0,3,0,2,2,0,571,860.16
0,2,0,2,0,3,2,0,575,552.96
2,0,0,0,3,2,2,0,613,348.16
0,0,2,2,0,2,0,3,8,440.32
0,2,0,0,2,2,2,0,111,460.8
0,0,0,2,2,0,2,2,1203,655.36
2,2,0,2,0,2,0,0,1273,583.68
2,0,0,2,0,2,2,0,1349,768.0
0,2,2,0,2,0,0,2,1692,829.44
2,0,0,2,2,2,0,0,1868,870.4
0,0,0,2,2,0,2,2,1943,962.56
0,0,0,0,2,2,2,2,1976,798.72
2,0,2,2,2,0,0,0,2165,1157.12
2,0,2,2,0,2,0,0,220,645.12
0,0,2,0,2,2,2,0,2396,819.2
0,0,2,2,2,2,0,0,2550,952.32
2,2,0,2,2,0,0,0,2601,890.88
0,2,0,2,2,0,0,2,2726,1105.92
2,0,0,2,0,2,2,0,2743,952.32
0,0,2,2,0,0,2,2,2825,1013.76
2,2,2,2,0,0,0,0,2834,788.48
0,2,0,2,2,0,0,2,2880,1003.52
2,0,2,0,0,0,2,2,2919,839.68
0,2,0,2,2,2,0,0,3104,1116.16
0,0,2,2,0,0,2,2,3214,1044.48
2,0,0,2,2,2,0,0,3226,1126.4
2,0,0,2,0,0,2,2,3251,1218.56
0,0,0,0,2,2,2,2,3376,1484.8
2,2,0,2,0,2,0,0,3417,1075.2
2,0,2,0,0,2,2,0,3449,1167.36
2,2,2,0,2,0,0,0,3563,1280.0
0,2,2,0,2,2,0,0,3707,1044.48
2,2,2,0,0,0,0,2,3933,1085.44
2,2,0,0,0,0,2,2,469,204.8
0,2,2,0,2,0,2,0,470,358.4
0,2,0,0,2,0,2,2,709,993.28
0,2,2,2,0,0,2,0,885,491.52
0,2,2,2,0,0,0,2,920,542.72
0,2,2,0,0,2,0,2,940,542.72
2,0,2,0,0,0,2,2,978,532.48
0,0,0,3,1,0,3,3,1019,655.36
0,0,1,0,0,3,3,3,1036,624.64
0,3,1,0,3,3,0,0,1085,583.68
0,0,3,0,0,3,1,3,1127,778.24
3,0,1,3,0,3,0,0,1140,757.76
0,1,0,3,0,3,0,3,1191,706.56
3,3,0,0,0,1,3,0,142,501.76
0,0,0,1,3,3,0,3,1500,593.92
3,0,0,3,0,0,3,1,1571,757.76
3,0,1,0,0,0,3,3,1595,788.48
0,3,3,1,3,0,0,0,1662,737.28
0,0,3,0,3,3,1,0,1664,931.84
3,0,1,3,0,3,0,0,1729,778.24
1,3,0,0,3,0,0,3,1811,788.48
3,1,0,3,0,0,0,3,1953,880.64
0,3,0,0,3,3,0,1,1978,634.88
3,1,3,0,0,3,0,0,1983,532.48
1,0,0,0,3,3,3,0,2008,1187.84
0,0,3,0,3,1,3,0,2097,819.2
3,0,0,0,3,1,0,3,2151,1136.64
0,0,0,3,1,0,3,3,2201,972.8
0,0,0,3,1,3,3,0,2282,1044.48
3,0,0,0,3,0,1,3,2324,911.36
0,0,0,0,3,3,3,1,2326,1064.96
0,3,0,3,0,3,1,0,2360,1003.52
3,1,0,0,3,0,3,0,2445,1228.8
3,0,0,3,3,1,0,0,2453,1105.92
0,0,3,1,0,0,3,3,2544,1064.96
1,0,0,3,0,3,3,0,2580,747.52
0,1,0,3,3,0,0,3,260,348.16
1,3,3,0,3,0,0,0,2745,1116.16
0,3,3,0,0,1,0,3,2770,931.84
1,3,0,3,0,0,0,3,2821,839.68
0,0,0,1,0,3,3,3,2849,1218.56
0,3,0,0,0,3,1,3,2950,1095.68
0,3,3,0,1,0,3,0,3105,1126.4
3,0,0,3,1,0,3,0,3274,1064.96
0,1,3,0,3,0,0,3,3294,962.56
0,0,1,3,0,3,3,0,3308,1095.68
3,0,0,1,0,3,3,0,3377,1126.4
0,3,0,0,3,3,1,0,3574,1208.32
0,3,1,0,0,3,3,0,3578,1331.2
3,1,0,0,3,3,0,0,3638,1423.36
3,3,0,0,3,0,1,0,3649,1054.72
3,0,0,3,1,3,0,0,3752,1320.96
0,0,3,1,3,0,3,0,3770,1587.2
0,1,0,0,3,0,3,3,3885,1576.96
3,0,3,0,1,3,0,0,3914,1382.4
3,0,3,0,0,0,1,3,3974,1454.08
0,0,3,0,3,3,1,0,3981,1464.32
3,1,0,0,0,3,3,0,3983,1597.44
0,3,0,0,0,3,1,3,3997,1546.24
0,0,0,1,3,3,0,3,4034,1290.24
1,3,3,0,0,0,3,0,4075,1443.84
0,1,3,0,3,0,0,3,407,276.48
3,0,0,0,3,1,0,3,436,593.92
3,3,3,0,0,0,1,0,525,655.36
0,0,0,0,3,1,3,3,59,419.84
0,0,3,1,0,3,0,3,629,491.52
0,0,0,3,3,3,0,1,740,563.2
0,0,3,1,0,0,3,3,770,327.68
0,1,0,3,0,3,3,0,7,440.32
3,0,3,3,0,0,0,1,851,901.12
3,1,0,3,0,0,0,3,873,348.16
3,0,3,1,3,0,0,0,874,593.92
0,0,0,3,3,1,0,3,899,819.2
0,1,3,0,0,3,0,3,971,686.08
0,0,3,1,3,0,3,0,989,634.88
2,0,1,3,0,3,0,0,1175,706.56
3,1,2,0,0,0,3,0,1277,860.16
0,1,0,3,0,2,0,3,1368,686.08
0,3,0,3,0,0,1,2,1462,890.88
0,3,0,2,1,0,0,3,1485,716.8
1,3,0,0,3,0,2,0,1490,1003.52
0,3,0,2,0,1,0,3,1562,1013.76
3,0,3,0,2,0,0,1,1576,829.44
1,3,0,0,0,2,3,0,1795,798.72
2,3,0,3,1,0,0,0,1875,993.28
0,0,0,0,1,2,3,3,1881,573.44
3,3,0,0,0,0,2,1,1914,686.08
0,3,3,0,1,2,0,0,1990,890.88
0,3,0,1,0,3,0,2,2065,1146.88
0,0,1,2,3,0,0,3,2112,952.32
0,0,3,0,2,3,0,1,2136,911.36
0,0,0,1,2,0,3,3,2271,778.24
3,1,0,0,2,0,3,0,2401,1085.44
1,3,3,0,0,0,2,0,2487,1280.0
0,0,0,1,3,2,3,0,2531,849.92
0,3,2,1,3,0,0,0,2620,1075.2
0,1,0,0,0,3,3,2,2694,1003.52
0,3,0,0,3,0,2,1,2737,942.08
3,0,1,0,2,0,0,3,289,532.48
3,1,3,0,0,2,0,0,2918,1146.88
0,0,3,1,0,3,2,0,3042,972.8
1,0,0,2,0,0,3,3,3071,1259.52
0,3,0,0,0,1,2,3,3244,1095.68
3,0,3,0,0,1,2,0,3262,1208.32
0,0,3,0,0,1,3,2,327,389.12
0,0,2,0,3,3,0,1,3283,1208.32
0,0,1,3,3,0,2,0,3295,1116.16
0,0,0,3,1,3,0,2,3327,1116.16
0,0,3,0,1,2,0,3,3434,1187.84
1,3,0,2,3,0,0,0,3532,1372.16
3,3,0,0,0,2,1,0,3611,1495.04
3,0,1,2,0,0,0,3,3645,1003.52
0,3,1,2,0,0,3,0,3746,1372.16
0,3,0,0,1,2,0,3,3768,1351.68
2,1,3,0,0,0,3,0,3791,1351.68
1,3,0,3,2,0,0,0,3809,1320.96
3,0,0,0,0,2,3,1,3867,1474.56
0,0,0,3,1,3,0,2,3924,1556.48
0,3,0,2,1,3,0,0,3989,1300.48
3,0,0,0,2,3,1,0,3993,1464.32
2,0,3,0,0,0,1,3,3999,1290.24
0,1,3,0,0,3,0,2,4012,1607.68
0,3,2,3,0,0,1,0,4026,1454.08
3,1,0,0,0,0,2,3,545,368.64
1,0,0,2,3,0,0,3,589,460.8
0,0,1,0,0,2,3,3,656,819.2
3,0,2,1,0,3,0,0,741,358.4
3,0,0,0,0,1,2,3,753,593.92
0,0,3,0,0,3,2,1,759,563.2
3,0,3,0,2,0,0,1,79,614.4
0,0,3,1,0,0,3,2,805,727.04
1,3,0,0,0,0,3,2,813,819.2
0,0,1,0,2,3,0,3,850,808.96
0,1,3,0,2,0,0,3,917,593.92
0,0,3,3,0,0,1,2,920,839.68
1,0,3,2,0,3,0,0,973,532.48
0,0,1,2,2,0,3,0,1076,675.84
3,0,2,0,1,0,0,2,1087,604.16
0,0,3,0,2,0,2,1,1120,522.24
2,3,0,0,2,0,0,1,1161,655.36
3,0,1,0,2,0,2,0,1257,573.44
0,0,0,3,1,2,0,2,143,440.32
0,2,2,1,0,3,0,0,1442,675.84
2,2,0,0,3,1,0,0,1461,942.08
2,0,1,3,2,0,0,0,1503,706.56
0,0,1,2,0,2,3,0,1514,655.36
2,0,3,1,0,0,0,2,1535,808.96
2,0,1,3,0,0,0,2,1638,583.68
0,0,0,1,3,2,0,2,1723,737.28
3,0,0,0,1,2,2,0,1732,880.64
0,0,0,3,2,0,2,1,1774,788.48
3,0,2,1,0,0,2,0,1853,716.8
0,2,1,0,3,2,0,0,1891,860.16
2,1,3,0,0,0,2,0,2096,972.8
0,0,3,2,0,0,2,1,2164,901.12
0,2,0,3,2,0,0,1,2308,1085.44
0,3,0,0,2,1,0,2,2493,1198.08
0,1,0,0,3,2,2,0,2570,1095.68
1,0,3,2,0,2,0,0,2833,1146.88
0,2,0,2,1,0,0,3,2886,1085.44
1,3,0,0,2,0,0,2,2940,1208.32
3,0,1,0,0,2,0,2,2957,1331.2
1,0,0,0,2,2,0,3,301,440.32
0,0,0,3,1,2,2,0,3181,1259.52
2,0,1,0,2,0,3,0,3247,1024.0
0,0,1,2,0,2,0,3,3294,1085.44
0,3,0,2,2,0,0,1,3341,1280.0
0,3,1,2,0,2,0,0,3476,1300.48
0,3,2,2,0,1,0,0,3517,1146.88
3,0,1,0,0,2,0,2,3550,1259.52
2,2,0,3,0,0,0,1,3569,1351.68
3,0,2,0,0,0,1,2,3585,1095.68
0,1,3,2,0,2,0,0,3593,1157.12
2,0,0,3,0,0,2,1,3722,1146.88
0,3,2,2,0,0,0,1,3779,1331.2
0,1,0,0,0,3,2,2,3946,1505.28
2,3,1,0,2,0,0,0,394,430.08
1,0,0,3,2,2,0,0,3952,1433.6
2,1,2,0,0,0,3,0,4020,1361.92
3,2,0,0,1,2,0,0,407,327.68
2,0,0,2,3,0,0,1,518,788.48
0,0,0,2,3,0,2,1,529,399.36
2,0,2,0,0,1,0,3,593,378.88
2,0,2,3,1,0,0,0,704,655.36
1,0,3,0,0,2,0,2,758,675.84
0,2,2,1,0,0,0,3,811,737.28
2,2,0,0,0,1,0,2,122,337.92
0,0,2,2,0,0,1,2,1275,849.92
2,0,0,0,2,1,2,0,1412,778.24
2,1,0,0,0,2,0,2,1426,552.96
1,0,2,0,0,0,2,2,1513,645.12
1,0,0,2,2,0,0,2,1516,634.88
0,0,2,2,2,0,1,0,1631,788.48
0,1,2,0,0,0,2,2,1714,737.28
0,0,2,0,1,2,0,2,175,307.2
1,2,0,0,0,0,2,2,1882,655.36
2,2,0,0,1,0,0,2,2196,870.4
0,0,0,1,0,2,2,2,2311,808.96
0,1,0,2,0,0,2,2,2363,1167.36
0,2,1,2,0,2,0,0,2409,880.64
0,1,0,2,0,2,2,0,2422,911.36
1,0,0,2,2,0,2,0,2445,1034.24
2,2,0,0,0,2,1,0,2655,1187.84
2,0,2,2,1,0,0,0,2787,1167.36
0,0,0,2,1,2,2,0,2910,1136.64
0,2,2,2,0,0,0,1,293,563.2
0,2,0,0,2,1,2,0,2976,931.84
0,1,0,2,2,0,2,0,2991,983.04
2,2,1,0,2,0,0,0,303,194.56
0,0,1,2,0,0,2,2,3184,1116.16
0,2,0,2,2,0,0,1,3207,1126.4
0,0,0,1,2,0,2,2,3323,1085.44
0,0,0,2,2,1,0,2,3462,1146.88
0,0,2,2,0,0,1,2,3767,1464.32
1,0,0,2,2,2,0,0,3771,1280.0
0,2,0,0,0,2,2,1,3862,1351.68
2,0,2,2,0,0,0,1,3906,1320.96
2,0,1,0,0,2,2,0,3908,1157.12
2,2,0,0,0,2,0,1,4044,1351.68
0,0,1,2,2,2,0,0,503,307.2
0,2,0,2,0,2,1,0,570,665.6
2,2,0,1,0,2,0,0,779,675.84
2,0,1,2,2,0,0,0,894,460.8
0,2,2,0,0,0,2,1,960,552.96
2,2,0,0,2,0,1,0,972,409.6
1,2,0,0,0,2,0,2,976,593.92
0,0,0,0,3,3,0,3,100,409.6
0,0,0,0,3,3,3,0,1130,665.6
3,0,0,0,3,0,3,0,1214,768.0
0,3,0,0,0,3,3,0,1218,798.72
0,0,0,0,3,3,3,0,1419,563.2
0,3,0,0,3,3,0,0,1629,696.32
0,0,3,3,3,0,0,0,1651,716.8
0,0,0,3,0,3,3,0,1856,931.84
3,0,3,0,0,3,0,0,1884,706.56
0,3,0,3,3,0,0,0,1903,911.36
3,3,0,0,0,0,3,0,1929,727.04
3,0,0,3,3,0,0,0,2096,860.16
0,0,3,0,0,3,3,0,2108,972.8
0,0,3,0,3,0,0,3,2136,983.04
0,0,0,0,0,3,3,3,2232,1034.24
0,0,0,3,0,0,3,3,225,583.68
3,3,0,0,0,0,3,0,2350,901.12
3,0,3,0,0,3,0,0,2483,931.84
3,0,3,0,0,0,3,0,2600,1146.88
0,0,3,0,3,0,3,0,2766,901.12
3,0,0,0,0,0,3,3,2926,1413.12
0,3,0,3,0,0,3,0,2935,1167.36
0,0,0,0,3,3,0,3,2972,1167.36
0,3,0,0,0,3,0,3,3111,1105.92
3,0,0,0,3,3,0,0,3183,1351.68
0,3,3,0,0,0,3,0,3273,1208.32
0,3,0,0,3,0,0,3,3287,1228.8
0,3,0,3,0,0,0,3,3356,1208.32
3,0,3,0,0,0,3,0,3461,1331.2
0,0,0,3,3,3,0,0,3599,1310.72
3,0,3,0,3,0,0,0,3633,1249.28
0,3,0,0,3,0,3,0,3741,1536.0
0,3,0,0,3,3,0,0,3865,1269.76
0,0,3,0,0,0,3,3,3950,1423.36
3,0,0,0,3,0,0,3,3953,1392.64
0,0,0,3,0,0,3,3,4059,1587.2
3,3,0,3,0,0,0,0,445,184.32
0,3,0,0,3,0,3,0,605,727.04
0,3,0,3,3,0,0,0,744,614.4
0,3,3,3,0,0,0,0,764,440.32
0,0,3,3,0,0,3,0,791,696.32
3,3,0,0,0,0,0,3,843,645.12
0,0,3,0,0,3,0,3,869,563.2
0,3,0,0,3,0,3,0,914,491.52
0,3,0,3,0,0,0,3,981,716.8
0,2,0,0,0,0,3,3,1066,471.04
0,0,0,0,0,3,2,3,1277,655.36
0,3,0,0,3,0,0,2,1348,645.12
0,3,0,0,3,0,0,2,1445,839.68
0,0,3,0,2,0,3,0,1516,727.04
0,0,3,0,0,0,3,2,1707,675.84
0,3,3,0,0,0,2,0,1791,747.52
0,2,3,0,3,0,0,0,1793,931.84
0,0,3,0,0,3,2,0,1929,1146.88
3,3,0,0,0,0,0,2,2051,624.64
0,2,0,0,0,3,3,0,2129,901.12
3,0,2,0,0,0,0,3,222,563.2
0,0,2,3,0,0,0,3,2274,1157.12
2,3,0,0,0,0,0,3,230,358.4
0,3,2,3,0,0,0,0,2437,860.16
3,3,0,0,2,0,0,0,243,337.92
0,3,0,2,3,0,0,0,2537,1157.12
2,3,0,0,0,3,0,0,25,112.64
0,3,0,3,0,0,0,2,2717,993.28
0,0,0,2,3,3,0,0,285,460.8
0,3,0,3,0,0,2,0,2969,1392.64
0,3,0,2,0,0,0,3,2980,1105.92
3,3,0,0,2,0,0,0,3000,1280.0
0,0,3,0,0,0,3,2,3142,1208.32
3,0,0,0,3,0,2,0,3152,1269.76
0,3,3,0,0,0,0,2,3224,1136.64
3,2,0,0,0,3,0,0,3306,1413.12
0,3,0,0,0,0,2,3,3313,1187.84
0,3,0,0,0,2,0,3,334,256.0
0,3,0,2,3,0,0,0,3443,1331.2
0,0,2,3,0,0,0,3,34,440.32
0,3,0,3,0,2,0,0,3526,1495.04
0,3,0,0,0,3,2,0,3551,1361.92
0,0,3,3,0,0,0,2,3569,1331.2
3,2,0,0,3,0,0,0,3602,1187.84
2,3,0,0,0,3,0,0,3606,1341.44
0,3,0,0,2,0,0,3,3836,1515.52
0,0,3,0,0,3,0,2,3873,1474.56
3,0,0,0,0,0,2,3,3890,1280.0
3,0,0,0,2,0,3,0,4096,1259.52
0,3,0,0,2,0,0,3,467,399.36
0,0,3,2,0,0,3,0,469,409.6
3,2,0,0,0,0,3,0,493,501.76
3,0,3,0,2,0,0,0,588,440.32
3,0,0,0,2,0,0,3,615,583.68
3,0,3,2,0,0,0,0,705,440.32
0,0,2,0,3,0,0,3,948,563.2
0,0,2,0,3,0,3,0,966,440.32
0,0,2,0,3,2,0,0,1132,501.76
2,0,0,0,0,0,2,3,117,481.28
0,2,0,0,0,3,0,2,1197,573.44
0,2,3,0,2,0,0,0,1318,614.4
3,0,0,0,0,2,0,2,1507,757.76
2,0,3,0,0,0,0,2,1727,716.8
0,2,0,0,2,0,0,3,1846,890.88
3,0,2,2,0,0,0,0,1865,1095.68
3,2,0,0,0,2,0,0,1956,849.92
0,0,0,0,2,0,3,2,2058,1013.76
2,0,0,0,0,2,3,0,2119,808.96
0,0,0,3,0,0,2,2,2127,819.2
2,0,0,0,3,0,0,2,215,552.96
0,0,2,3,0,0,0,2,2220,727.04
0,0,0,3,0,2,0,2,2273,952.32
2,0,2,0,3,0,0,0,2302,962.56
0,0,0,2,0,2,3,0,2370,1167.36
0,2,0,2,3,0,0,0,2588,1054.72
0,3,0,0,2,0,0,2,3023,1157.12
0,0,3,2,0,0,0,2,3039,993.28
0,0,0,2,0,3,0,2,3057,1382.4
0,2,0,2,3,0,0,0,3088,1208.32
0,0,3,0,0,0,2,2,3325,1361.92
0,0,2,0,3,0,2,0,3388,1054.72
0,2,0,0,0,2,0,3,3462,1259.52
0,0,3,0,2,2,0,0,34,378.88
2,0,0,0,0,2,3,0,3523,1392.64
0,2,0,3,2,0,0,0,3713,1628.16
2,0,3,2,0,0,0,0,3767,1392.64
0,0,3,2,0,0,2,0,377,194.56
0,0,0,0,3,2,0,2,3858,1607.68
2,0,3,0,2,0,0,0,3972,1372.16
0,0,3,0,0,2,2,0,4022,1474.56
0,0,0,0,0,3,2,2,742,634.88
0,0,0,2,3,0,0,2,935,645.12
2,0,0,0,0,2,2,0,1002,419.84
0,2,0,0,0,0,2,2,1120,624.64
0,0,0,0,2,2,2,0,1166,768.0
0,2,2,0,0,0,0,2,1201,778.24
2,2,0,0,0,2,0,0,1312,819.2
0,0,0,0,2,0,2,2,1387,532.48
0,2,0,0,0,2,0,2,1681,655.36
2,0,2,0,0,0,0,2,1892,839.68
2,0,0,0,0,2,0,2,1901,716.8
2,0,0,0,2,2,0,0,2026,706.56
0,0,2,2,0,2,0,0,2127,1044.48
2,0,0,2,0,0,0,2,2228,931.84
0,0,0,0,2,2,0,2,2381,860.16
2,0,0,2,0,2,0,0,2395,1003.52
0,2,0,2,0,0,0,2,2489,1146.88
2,0,0,0,0,2,2,0,2608,1157.12
2,0,2,0,0,2,0,0,2663,983.04
2,2,0,0,0,0,2,0,2705,1024.0
0,0,0,2,0,2,0,2,2717,1249.28
0,2,0,0,2,0,2,0,2744,1116.16
0,0,0,2,0,0,2,2,2775,1024.0
0,0,2,0,2,0,2,0,2858,634.88
0,0,0,2,2,2,0,0,2909,1044.48
0,0,2,2,0,2,0,0,2937,870.4
0,2,0,0,2,2,0,0,3035,931.84
2,0,0,2,0,0,2,0,3109,870.4
2,2,0,0,0,0,0,2,3149,972.8
0,0,0,0,2,0,2,2,3195,911.36
2,2,0,0,0,0,2,0,3346,1351.68
0,2,0,2,0,0,0,2,3463,1290.24
0,0,2,0,0,2,2,0,3567,1146.88
0,0,2,2,0,0,2,0,3626,1280.0
0,2,0,0,2,0,0,2,3655,1095.68
2,2,0,0,0,0,2,0,3714,1310.72
2,0,2,0,0,0,2,0,3830,1208.32
0,2,2,0,0,0,0,2,3887,1259.52
0,2,0,2,2,0,0,0,533,634.88
0,0,0,0,2,0,2,2,926,512.0
0,0,1,3,3,0,0,0,1049,593.92
1,3,0,3,0,0,0,0,1313,727.04
1,0,3,0,0,3,0,0,1421,614.4
3,0,0,3,0,1,0,0,1515,645.12
0,0,0,1,0,0,3,3,1574,860.16
1,0,0,3,0,3,0,0,1774,1116.16
0,0,3,3,0,0,0,1,1838,788.48
0,0,3,0,3,1,0,0,1917,890.88
0,0,3,3,0,1,0,0,1961,747.52
0,1,0,3,0,0,3,0,1963,1187.84
0,0,1,0,0,3,0,3,1967,808.96
0,3,0,3,1,0,0,0,1981,860.16
3,0,0,1,0,3,0,0,1996,1013.76
0,0,3,0,1,0,0,3,2075,757.76
1,3,0,0,3,0,0,0,2145,1064.96
3,0,0,1,0,0,0,3,2174,901.12
3,0,3,0,1,0,0,0,2200,942.08
0,3,0,0,0,3,1,0,2260,890.88
0,3,3,0,0,0,1,0,2296,1013.76
1,0,0,3,3,0,0,0,2341,890.88
1,0,0,0,0,0,3,3,2364,890.88
3,0,3,0,0,1,0,0,2389,839.68
0,0,0,1,3,3,0,0,250,348.16
0,1,3,3,0,0,0,0,2538,931.84
1,0,3,0,3,0,0,0,2614,1300.48
0,3,0,3,0,0,0,1,2625,931.84
3,0,0,3,0,0,0,1,2667,962.56
0,3,0,0,0,0,3,1,282,419.84
0,0,0,0,3,3,0,1,2870,1239.04
0,3,3,0,0,0,1,0,3030,1167.36
3,0,1,3,0,0,0,0,3049,1259.52
0,0,0,0,0,1,3,3,3112,1157.12
0,3,1,3,0,0,0,0,3114,931.84
0,0,3,3,0,1,0,0,3115,1105.92
0,0,0,0,3,3,1,0,3274,1341.44
0,3,0,0,0,0,1,3,3356,1013.76
0,3,3,0,0,0,0,1,3359,1280.0
3,0,0,0,0,0,1,3,3534,1187.84
0,3,0,3,0,0,1,0,3606,1280.0
1,0,0,3,0,3,0,0,363,389.12
0,3,0,0,1,0,0,3,3667,1372.16
3,1,3,0,0,0,0,0,3911,1361.92
0,0,0,3,0,3,1,0,443,634.88
0,3,0,1,3,0,0,0,470,327.68
0,0,0,1,3,3,0,0,491,440.32
0,0,0,1,0,0,3,3,503,604.16
3,0,0,0,1,0,0,3,562,645.12
3,1,3,0,0,0,0,0,648,778.24
3,0,0,1,3,0,0,0,664,399.36
0,3,0,0,0,0,3,1,872,716.8
1,0,0,3,3,0,0,0,935,757.76
0,0,0,1,3,3,0,0,996,768.0
0,1,0,0,2,3,0,0,1058,839.68
0,1,2,0,0,3,0,0,1151,675.84
2,0,0,0,3,1,0,0,119,583.68
0,0,0,1,0,2,3,0,1598,634.88
0,0,2,1,0,3,0,0,1740,1024.0
0,0,0,3,0,1,2,0,1794,1126.4
3,0,0,0,1,0,0,2,1950,911.36
0,2,0,0,0,1,3,0,2069,1024.0
0,3,1,2,0,0,0,0,2277,972.8
1,0,0,0,0,0,3,2,2293,901.12
3,1,0,2,0,0,0,0,2346,921.6
0,1,0,0,2,0,3,0,2370,942.08
3,0,0,0,1,2,0,0,2405,808.96
0,3,0,0,0,2,0,1,2415,1228.8
0,2,0,1,0,0,0,3,2538,1157.12
3,0,0,0,0,2,0,1,2636,1003.52
3,1,2,0,0,0,0,0,2688,1013.76
2,0,1,0,0,0,3,0,2750,901.12
0,0,2,1,0,3,0,0,2922,983.04
0,3,0,2,0,0,1,0,296,491.52
0,0,1,0,0,0,2,3,3009,1218.56
0,0,1,0,0,0,2,3,3013,1198.08
0,0,0,1,3,0,2,0,3062,1064.96
0,0,2,1,0,3,0,0,3157,1054.72
0,0,2,1,0,0,3,0,3223,1464.32
1,0,2,0,0,0,0,3,3265,1495.04
0,1,2,3,0,0,0,0,3275,1341.44
0,3,1,0,0,0,2,0,3345,1167.36
0,3,2,0,0,0,0,1,3346,1228.8
1,2,0,0,0,0,3,0,3433,1423.36
0,0,0,3,0,2,1,0,3482,1576.96
0,1,3,0,0,2,0,0,3577,1269.76
0,1,2,0,0,0,3,0,3872,1464.32
0,0,2,0,1,3,0,0,4041,1269.76
1,0,3,0,0,0,2,0,4067,1587.2
3,0,0,2,0,0,0,1,511,522.24
0,0,0,0,0,2,3,1,541,716.8
0,0,3,0,0,1,2,0,580,512.0
0,2,1,0,0,0,3,0,7,378.88
0,0,0,1,3,0,2,0,843,808.96
1,0,0,0,0,0,2,3,918,512.0
3,0,0,0,0,2,0,1,970,501.76
0,0,0,2,0,1,3,0,982,942.08
1,0,0,0,2,0,0,2,1106,839.68
0,0,2,2,0,1,0,0,1108,778.24
0,2,2,1,0,0,0,0,1127,532.48
2,0,0,0,0,1,2,0,1211,737.28
0,2,0,0,1,2,0,0,1236,788.48
0,0,2,0,1,0,0,2,1314,634.88
0,0,0,2,2,0,1,0,1421,706.56
0,1,0,0,2,0,0,2,1486,727.04
0,1,0,2,0,0,2,0,1609,563.2
0,1,2,2,0,0,0,0,189,696.32
0,0,0,2,2,0,1,0,1952,716.8
0,2,2,0,1,0,0,0,2046,727.04
0,0,2,1,0,0,2,0,2147,860.16
2,0,0,0,0,0,2,1,220,645.12
0,0,2,1,0,2,0,0,2221,901.12
1,0,2,0,2,0,0,0,2360,1208.32
2,0,1,2,0,0,0,0,2614,1167.36
2,0,0,2,0,1,0,0,2641,747.52
0,0,2,2,0,0,0,1,2713,952.32
2,2,0,1,0,0,0,0,2793,870.4
0,0,0,0,0,2,1,2,2953,880.64
0,1,0,2,2,0,0,0,2961,1054.72
2,0,0,2,0,0,1,0,3044,1085.44
0,0,1,2,2,0,0,0,3077,849.92
2,0,0,0,2,1,0,0,3399,1280.0
0,2,2,0,0,0,0,1,3529,1126.4
0,0,0,0,1,2,0,2,3609,860.16
0,0,2,0,2,0,0,1,3639,1187.84
2,1,0,0,2,0,0,0,3755,1218.56
0,2,2,0,0,0,1,0,3931,1269.76
2,1,0,0,2,0,0,0,4037,1331.2
0,0,1,0,0,2,0,2,4087,1320.96
2,1,0,0,0,0,0,2,520,686.08
2,1,0,0,0,2,0,0,525,430.08
2,0,0,0,0,1,2,0,538,532.48
2,1,0,0,0,0,2,0,922,614.4
3,0,0,0,0,0,0,3,1117,542.72
0,0,0,3,0,3,0,0,1238,665.6
0,0,0,0,3,0,0,3,144,573.44
0,3,3,0,0,0,0,0,1497,849.92
0,0,3,0,0,0,3,0,1501,778.24
0,0,3,3,0,0,0,0,1656,890.88
0,0,0,3,0,0,3,0,1669,839.68
3,0,0,0,3,0,0,0,1717,911.36
0,0,3,0,3,0,0,0,1748,808.96
0,0,0,0,0,3,3,0,1760,931.84
3,0,0,0,0,0,3,0,2052,604.16
3,0,3,0,0,0,0,0,2110,1218.56
0,0,3,0,0,0,0,3,2137,860.16
0,0,3,0,0,0,3,0,2172,1003.52
0,0,0,0,3,3,0,0,2183,1269.76
0,3,0,0,3,0,0,0,2231,890.88
0,0,3,3,0,0,0,0,2315,696.32
0,0,3,0,0,0,3,0,2388,1167.36
0,0,0,0,0,3,3,0,2428,1239.04
0,3,3,0,0,0,0,0,2450,727.04
0,0,3,0,0,0,0,3,2660,901.12
0,3,0,0,0,3,0,0,2812,1300.48
0,0,0,0,3,0,0,3,286,460.8
3,0,0,0,3,0,0,0,2921,1280.0
3,0,0,0,3,0,0,0,2947,1136.64
0,0,3,0,0,0,0,3,3050,1341.44
3,0,0,0,0,0,3,0,3128,1064.96
0,0,0,3,0,0,0,3,3198,1146.88
0,0,3,0,0,0,3,0,31,307.2
0,0,0,0,3,3,0,0,3204,1218.56
0,0,0,0,3,0,3,0,3254,1218.56
3,0,0,0,0,0,3,0,3334,983.04
0,0,0,0,0,3,0,3,3428,1146.88
0,0,0,3,0,3,0,0,3654,1228.8
0,0,3,0,0,0,0,3,3755,1167.36
0,0,3,0,0,0,3,0,3762,1300.48
0,0,0,3,0,3,0,0,3903,1187.84
3,0,0,0,0,0,3,0,3927,1525.76
0,0,0,3,0,3,0,0,3956,1341.44
3,0,0,0,0,0,3,0,3999,1628.16
0,0,0,0,3,0,3,0,511,245.76
0,0,0,3,0,0,0,3,697,378.88
0,0,0,0,3,3,0,0,759,972.8
0,0,0,0,3,0,3,0,856,593.92
0,0,3,0,0,0,3,0,869,460.8
0,0,0,2,0,0,0,3,1074,901.12
2,0,0,0,0,3,0,0,1178,768.0
0,0,0,3,0,0,0,2,1211,573.44
0,0,0,0,3,0,2,0,1307,481.28
0,0,0,0,3,2,0,0,1340,696.32
0,2,3,0,0,0,0,0,1350,655.36
2,0,0,0,0,3,0,0,1548,675.84
0,0,0,0,2,3,0,0,165,532.48
0,2,0,3,0,0,0,0,1739,716.8
2,0,0,0,3,0,0,0,1778,860.16
2,0,0,0,0,3,0,0,1819,880.64
2,0,0,0,0,0,3,0,1921,931.84
0,0,3,2,0,0,0,0,2148,634.88
3,0,0,0,0,0,2,0,2151,1136.64
0,0,0,2,3,0,0,0,2338,1024.0
0,0,0,3,2,0,0,0,2349,1013.76
0,0,0,2,3,0,0,0,2506,839.68
0,0,0,3,0,0,0,2,2612,1044.48
0,2,0,0,3,0,0,0,2831,1187.84
2,0,0,3,0,0,0,0,2914,1228.8
0,2,0,0,0,3,0,0,3117,1126.4
0,0,0,0,2,0,3,0,3222,1413.12
0,0,0,0,0,2,3,0,3269,1085.44
0,0,0,0,0,3,2,0,3277,1351.68
0,0,0,0,0,2,3,0,346,655.36
0,0,3,0,2,0,0,0,3500,1402.88
3,0,0,0,2,0,0,0,3588,1269.76
0,2,3,0,0,0,0,0,3828,1290.24
0,0,0,0,0,3,0,2,3840,1310.72
0,2,0,0,0,0,0,3,3893,1607.68
0,0,0,3,0,2,0,0,3974,1208.32
0,0,0,2,0,3,0,0,540,542.72
0,0,0,0,0,2,0,3,603,747.52
3,0,0,0,2,0,0,0,708,460.8
0,3,2,0,0,0,0,0,834,573.44
0,0,0,2,3,0,0,0,870,624.64
2,0,0,0,0,0,0,2,1108,706.56
2,0,0,2,0,0,0,0,1313,491.52
0,2,2,0,0,0,0,0,1548,460.8
0,0,2,0,0,0,0,2,1668,972.8
0,0,0,0,2,0,0,2,1689,768.0
0,2,2,0,0,0,0,0,1763,675.84
0,0,2,0,0,2,0,0,180,296.96
0,0,0,2,2,0,0,0,1850,696.32
2,2,0,0,0,0,0,0,2125,696.32
2,0,0,0,0,2,0,0,2721,798.72
0,2,0,0,0,0,2,0,3039,1085.44
0,0,2,2,0,0,0,0,312,512.0
0,0,0,0,0,2,2,0,3186,1003.52
2,2,0,0,0,0,0,0,3324,1239.04
0,2,0,0,0,0,2,0,3448,1044.48
2,2,0,0,0,0,0,0,3469,1146.88
0,2,2,0,0,0,0,0,3554,1239.04
0,0,0,0,0,0,2,2,3688,1331.2
0,0,2,0,0,2,0,0,3718,1228.8
0,0,0,0,0,0,2,2,3860,1290.24
0,2,0,0,0,0,2,0,4008,1269.76
0,0,0,0,0,2,0,2,4074,1218.56
0,0,0,2,2,0,0,0,544,737.28
0,0,0,2,2,0,0,0,557,593.92
0,0,2,0,2,0,0,0,57,368.64
0,2,0,0,0,2,0,0,610,563.2
0,0,0,0,2,0,0,2,78,583.68
0,0,2,0,0,0,0,2,948,849.92
2,0,0,0,0,0,2,0,96,81.92
2,0,2,0,0,0,0,0,974,512.0
0,0,3,0,0,1,0,0,1051,614.4
3,0,0,0,0,1,0,0,1230,573.44
0,0,0,0,0,0,1,3,1253,808.96
0,0,0,0,0,3,0,1,1261,808.96
0,1,0,0,0,0,3,0,1274,604.16
0,0,0,1,0,0,0,3,1420,634.88
0,0,1,3,0,0,0,0,1511,737.28
0,0,1,0,0,3,0,0,1630,788.48
3,0,0,0,0,1,0,0,1889,1105.92
0,3,0,0,0,0,0,1,1897,727.04
0,0,1,0,0,0,0,3,197,512.0
3,0,1,0,0,0,0,0,2007,716.8
0,0,1,0,0,3,0,0,2064,839.68
3,0,0,0,0,0,0,1,2085,798.72
0,0,3,0,0,0,1,0,2128,1187.84
1,0,3,0,0,0,0,0,2181,952.32
3,0,0,1,0,0,0,0,2229,860.16
3,0,1,0,0,0,0,0,2243,870.4
1,3,0,0,0,0,0,0,2260,1024.0
1,0,0,0,0,0,3,0,2375,1167.36
0,0,3,0,1,0,0,0,2502,1013.76
0,0,3,0,0,0,1,0,2703,1208.32
3,0,0,0,0,0,1,0,2715,942.08
0,0,1,3,0,0,0,0,2790,1003.52
0,0,3,0,0,0,0,1,2816,1013.76
0,1,0,0,3,0,0,0,2936,1054.72
0,3,0,1,0,0,0,0,3069,1146.88
0,0,1,0,0,3,0,0,3088,1157.12
1,0,0,0,0,3,0,0,3129,1269.76
0,1,0,0,0,0,3,0,3166,1105.92
0,0,1,0,0,0,0,3,3244,1095.68
0,0,0,0,3,0,1,0,3349,1146.88
0,0,0,1,0,3,0,0,3414,1361.92
0,0,0,3,0,0,1,0,3450,1474.56
3,0,0,0,0,0,1,0,3505,1146.88
1,0,0,3,0,0,0,0,3563,1198.08
0,0,0,1,0,0,0,3,3637,1341.44
3,0,0,0,0,0,0,1,3646,1413.12
0,0,0,0,0,3,1,0,3727,1228.8
0,0,0,0,0,1,3,0,3746,1566.72
1,0,0,0,3,0,0,0,3810,1372.16
0,0,0,0,0,3,1,0,3955,1126.4
0,0,0,0,0,0,1,3,4000,1259.52
0,1,3,0,0,0,0,0,4025,1310.72
0,0,0,0,1,0,3,0,4029,1259.52
0,0,0,3,1,0,0,0,406,419.84
0,1,3,0,0,0,0,0,410,512.0
0,3,1,0,0,0,0,0,533,675.84
0,0,0,0,1,3,0,0,777,665.6
0,1,0,3,0,0,0,0,826,409.6
3,0,0,1,0,0,0,0,876,808.96
0,0,0,0,0,1,0,3,968,440.32
0,1,0,0,0,0,0,2,108,430.08
0,0,0,0,2,0,1,0,1130,788.48
1,0,0,0,0,0,2,0,1139,634.88
0,0,1,2,0,0,0,0,1141,696.32
0,0,0,0,1,0,0,2,1201,706.56
1,0,0,0,0,0,2,0,1233,737.28
0,0,0,1,0,0,0,2,1258,716.8
0,0,0,0,2,1,0,0,1290,471.04
2,0,0,0,0,0,0,1,1379,768.0
0,0,1,0,0,0,2,0,1416,532.48
2,0,0,0,0,0,0,1,141,112.64
0,0,0,2,0,0,1,0,1436,1044.48
0,0,0,0,0,2,1,0,1621,911.36
1,0,0,0,0,0,0,2,1698,788.48
0,0,1,0,2,0,0,0,1715,860.16
0,0,0,0,0,2,1,0,191,378.88
0,2,1,0,0,0,0,0,2001,819.2
0,0,0,2,1,0,0,0,2062,880.64
0,0,0,0,0,0,2,1,2216,972.8
0,0,0,2,0,0,0,1,2221,911.36
0,0,1,0,0,0,2,0,2349,1085.44
0,0,0,0,0,0,2,1,2420,1024.0
0,0,0,1,0,0,0,2,2477,952.32
0,0,0,2,0,1,0,0,2528,1095.68
0,2,0,1,0,0,0,0,2651,921.6
0,0,2,0,0,0,0,1,2658,1167.36
0,0,1,0,2,0,0,0,2699,1239.04
0,1,2,0,0,0,0,0,2709,1157.12
0,0,0,2,0,0,1,0,2748,1239.04
1,0,0,0,2,0,0,0,277,296.96
0,0,1,0,0,0,2,0,2900,1372.16
2,0,0,1,0,0,0,0,294,552.96
1,0,0,0,0,0,0,2,2981,890.88
0,0,0,0,1,2,0,0,3014,1013.76
2,0,0,0,0,0,0,1,3094,1228.8
0,0,1,2,0,0,0,0,3237,1157.12
0,0,0,0,0,2,0,1,328,317.44
1,0,0,0,0,2,0,0,3291,1167.36
0,0,0,0,1,0,0,2,3339,1382.4
0,0,0,1,2,0,0,0,3402,1187.84
0,2,1,0,0,0,0,0,3449,1341.44
0,2,0,0,0,0,0,1,3500,1239.04
2,0,0,0,0,0,1,0,353,194.56
1,0,0,0,0,2,0,0,3565,1454.08
0,2,0,0,0,0,0,1,3595,1003.52
0,0,0,2,0,1,0,0,3624,1259.52
0,0,1,0,0,0,2,0,3960,1392.64
0,0,0,0,1,0,0,2,3982,1249.28
1,2,0,0,0,0,0,0,404,614.4
1,0,0,0,0,0,0,2,813,399.36
0,0,0,0,0,3,0,0,102,276.48
3,0,0,0,0,0,0,0,1051,450.56
0,0,0,0,0,3,0,0,1153,798.72
0,0,0,0,0,3,0,0,1174,819.2
3,0,0,0,0,0,0,0,1473,675.84
0,0,0,0,3,0,0,0,1971,962.56
0,0,0,0,0,0,3,0,2026,788.48
0,3,0,0,0,0,0,0,2096,788.48
0,0,3,0,0,0,0,0,2152,798.72
0,0,0,0,0,0,3,0,2267,819.2
3,0,0,0,0,0,0,0,2270,1126.4
0,0,0,0,3,0,0,0,2425,962.56
3,0,0,0,0,0,0,0,242,624.64
0,0,0,0,0,0,3,0,2495,747.52
0,0,0,0,0,3,0,0,2516,1075.2
0,0,0,0,0,3,0,0,262,307.2
0,3,0,0,0,0,0,0,2707,1300.48
0,0,0,3,0,0,0,0,2848,1239.04
0,3,0,0,0,0,0,0,2968,1259.52
0,0,3,0,0,0,0,0,3098,1259.52
0,0,0,0,0,0,3,0,3138,1341.44
0,0,0,0,0,0,3,0,3498,1351.68
0,0,0,3,0,0,0,0,3528,1218.56
3,0,0,0,0,0,0,0,3651,1136.64
0,0,0,0,0,0,0,3,3887,1095.68
0,0,3,0,0,0,0,0,4006,1433.6
0,3,0,0,0,0,0,0,4030,1382.4
0,0,3,0,0,0,0,0,4086,1587.2
0,0,3,0,0,0,0,0,480,491.52
0,0,3,0,0,0,0,0,489,552.96
0,0,0,0,0,0,3,0,551,634.88
0,0,0,0,0,0,3,0,574,225.28
0,0,3,0,0,0,0,0,576,522.24
0,0,0,0,0,0,0,3,634,624.64
0,0,0,0,3,0,0,0,799,419.84
3,0,0,0,0,0,0,0,918,686.08
2,0,0,0,0,0,0,0,1064,808.96
2,0,0,0,0,0,0,0,1087,706.56
0,0,0,0,0,0,2,0,1097,808.96
0,0,0,2,0,0,0,0,1119,542.72
0,0,0,0,0,0,2,0,1125,604.16
0,0,2,0,0,0,0,0,115,307.2
0,0,0,0,0,0,0,2,1471,757.76
0,0,0,2,0,0,0,0,1657,880.64
0,0,0,2,0,0,0,0,1699,962.56
0,0,0,0,0,0,0,2,17,378.88
0,0,0,0,0,0,2,0,1864,798.72
0,0,0,2,0,0,0,0,2071,686.08
0,0,0,0,0,0,0,2,211,368.64
0,0,0,2,0,0,0,0,2321,1105.92
2,0,0,0,0,0,0,0,2409,808.96
0,0,0,0,0,0,0,2,2458,1044.48
0,0,0,0,2,0,0,0,2667,870.4
0,0,0,2,0,0,0,0,2686,993.28
0,0,0,0,2,0,0,0,2697,1013.76
0,0,0,2,0,0,0,0,2837,1034.24
2,0,0,0,0,0,0,0,2861,1034.24
2,0,0,0,0,0,0,0,2927,1013.76
0,0,0,0,2,0,0,0,3000,962.56
0,0,0,2,0,0,0,0,3044,839.68
0,0,0,0,2,0,0,0,3225,1280.0
0,0,0,2,0,0,0,0,3274,1024.0
0,0,0,0,0,0,2,0,3383,1218.56
0,0,0,2,0,0,0,0,3520,1126.4
0,0,0,0,0,0,0,2,3556,1116.16
0,0,0,0,0,0,2,0,378,583.68
0,0,2,0,0,0,0,0,3917,1167.36
0,0,0,0,2,0,0,0,3927,1228.8
0,0,0,0,0,0,0,2,3958,1300.48
0,0,0,0,2,0,0,0,4018,1044.48
0,0,0,0,0,0,0,2,467,573.44
0,0,0,0,0,0,0,2,474,430.08
0,2,0,0,0,0,0,0,493,368.64
0,0,0,0,0,0,2,0,633,481.28
0,0,0,0,0,2,0,0,694,552.96
0,0,0,0,0,0,0,2,806,532.48
0,0,0,0,0,0,2,0,863,583.68
0,0,0,0,0,0,0,2,869,583.68
0,0,0,0,0,2,0,0,896,491.52
0,0,0,0,1,0,0,0,1258,614.4
0,0,1,0,0,0,0,0,1359,409.6
0,0,0,0,0,0,1,0,1413,727.04
0,1,0,0,0,0,0,0,1455,655.36
0,0,0,0,1,0,0,0,1506,614.4
0,0,0,0,0,0,0,1,1579,675.84
0,0,0,1,0,0,0,0,1787,860.16
0,0,1,0,0,0,0,0,1836,501.76
0,0,1,0,0,0,0,0,197,296.96
0,1,0,0,0,0,0,0,2013,808.96
0,0,0,0,0,0,1,0,2061,624.64
0,0,0,0,0,0,1,0,216,491.52
0,0,1,0,0,0,0,0,2263,983.04
0,0,1,0,0,0,0,0,2384,747.52
0,0,0,0,1,0,0,0,2474,952.32
1,0,0,0,0,0,0,0,2638,870.4
0,0,1,0,0,0,0,0,2689,880.64
1,0,0,0,0,0,0,0,3223,788.48
0,0,0,0,0,0,1,0,3244,727.04
0,0,0,0,0,0,0,1,3387,634.88
0,0,0,0,0,0,1,0,3440,890.88
1,0,0,0,0,0,0,0,3609,860.16
0,0,0,0,0,0,1,0,3644,1064.96
0,0,0,0,1,0,0,0,3687,983.04
0,1,0,0,0,0,0,0,3804,512.0
0,0,1,0,0,0,0,0,3906,1146.88
0,1,0,0,0,0,0,0,489,563.2
0,0,0,0,0,0,1,0,640,491.52
0,0,0,1,0,0,0,0,689,378.88
0,0,0,0,0,0,1,0,758,614.4
0,0,0,0,0,0,1,0,815,532.48
0,0,1,0,0,0,0,0,995,583.68
0,0,0,0,0,0,0,0,1062,307.2
0,0,0,0,0,0,0,0,11,522.24
0,0,0,0,0,0,0,0,1203,460.8
0,0,0,0,0,0,0,0,1255,542.72
0,0,0,0,0,0,0,0,126,409.6
0,0,0,0,0,0,0,0,1271,522.24
0,0,0,0,0,0,0,0,1367,450.56
0,0,0,0,0,0,0,0,1502,757.76
0,0,0,0,0,0,0,0,1597,819.2
0,0,0,0,0,0,0,0,1672,798.72
0,0,0,0,0,0,0,0,1722,757.76
0,0,0,0,0,0,0,0,1774,798.72
0,0,0,0,0,0,0,0,1780,788.48
0,0,0,0,0,0,0,0,1838,727.04
0,0,0,0,0,0,0,0,2137,942.08
0,0,0,0,0,0,0,0,2142,409.6
0,0,0,0,0,0,0,0,2401,481.28
0,0,0,0,0,0,0,0,243,225.28
0,0,0,0,0,0,0,0,2596,768.0
0,0,0,0,0,0,0,0,2689,819.2
0,0,0,0,0,0,0,0,3062,655.36
0,0,0,0,0,0,0,0,3171,952.32
0,0,0,0,0,0,0,0,3324,1003.52
0,0,0,0,0,0,0,0,3371,860.16
0,0,0,0,0,0,0,0,3374,983.04
0,0,0,0,0,0,0,0,3392,880.64
0,0,0,0,0,0,0,0,3445,870.4
0,0,0,0,0,0,0,0,3467,993.28
0,0,0,0,0,0,0,0,3516,1064.96
0,0,0,0,0,0,0,0,3526,798.72
0,0,0,0,0,0,0,0,3531,942.08
0,0,0,0,0,0,0,0,3555,1095.68
0,0,0,0,0,0,0,0,3641,1167.36
0,0,0,0,0,0,0,0,3648,808.96
0,0,0,0,0,0,0,0,3740,1085.44
0,0,0,0,0,0,0,0,3871,819.2
0,0,0,0,0,0,0,0,393,450.56
0,0,0,0,0,0,0,0,3959,798.72
0,0,0,0,0,0,0,0,3983,972.8
0,0,0,0,0,0,0,0,402,481.28
0,0,0,0,0,0,0,0,4067,1064.96
0,0,0,0,0,0,0,0,4093,1013.76
0,0,0,0,0,0,0,0,52,450.56
0,0,0,0,0,0,0,0,635,583.68
0,0,0,0,0,0,0,0,708,204.8
0,0,0,0,0,0,0,0,767,327.68
0,0,0,0,0,0,0,0,778,440.32
0,0,0,0,0,0,0,0,972,409.6
